Year,Month,ISHMT,Area,All Hospital Discharges,"Hospital Discharges Per 1,000 Population"
2017,1,Acute upper respiratory infections & influenza (J00-J11),Co. Cork,98,0.165181438
2017,2,Acute upper respiratory infections & influenza (J00-J11),Co. Cork,63,0.106188068
2017,3,Acute upper respiratory infections & influenza (J00-J11),Co. Cork,81,0.136527515
2017,4,Acute upper respiratory infections & influenza (J00-J11),Co. Cork,64,0.107873592
2017,5,Acute upper respiratory infections & influenza (J00-J11),Co. Cork,51,0.085961769
2017,6,Acute upper respiratory infections & influenza (J00-J11),Co. Cork,45,0.07584862
2017,7,Acute upper respiratory infections & influenza (J00-J11),Co. Cork,53,0.089332819
2017,8,Acute upper respiratory infections & influenza (J00-J11),Co. Cork,38,0.064049946
2017,9,Acute upper respiratory infections & influenza (J00-J11),Co. Cork,69,0.116301217
2017,10,Acute upper respiratory infections & influenza (J00-J11),Co. Cork,73,0.123043316
2017,11,Acute upper respiratory infections & influenza (J00-J11),Co. Cork,71,0.119672267
2017,12,Acute upper respiratory infections & influenza (J00-J11),Co. Cork,78,0.131470941
2018,1,Acute upper respiratory infections & influenza (J00-J11),Co. Cork,166,0.27979713
2018,2,Acute upper respiratory infections & influenza (J00-J11),Co. Cork,162,0.273055031
2018,3,Acute upper respiratory infections & influenza (J00-J11),Co. Cork,121,0.203948511
2018,4,Acute upper respiratory infections & influenza (J00-J11),Co. Cork,91,0.153382764
2018,5,Acute upper respiratory infections & influenza (J00-J11),Co. Cork,50,0.084276244
2018,6,Acute upper respiratory infections & influenza (J00-J11),Co. Cork,47,0.079219669
2018,7,Acute upper respiratory infections & influenza (J00-J11),Co. Cork,27,0.045509172
2018,8,Acute upper respiratory infections & influenza (J00-J11),Co. Cork,30,0.050565746
2018,9,Acute upper respiratory infections & influenza (J00-J11),Co. Cork,28,0.047194697
2018,10,Acute upper respiratory infections & influenza (J00-J11),Co. Cork,41,0.06910652
2018,11,Acute upper respiratory infections & influenza (J00-J11),Co. Cork,54,0.091018344
2018,12,Acute upper respiratory infections & influenza (J00-J11),Co. Cork,75,0.126414366
2019,1,Acute upper respiratory infections & influenza (J00-J11),Co. Cork,188,0.316878678
2019,2,Acute upper respiratory infections & influenza (J00-J11),Co. Cork,119,0.200577461
2019,3,Acute upper respiratory infections & influenza (J00-J11),Co. Cork,99,0.166866963
2019,4,Acute upper respiratory infections & influenza (J00-J11),Co. Cork,71,0.119672267
2019,5,Acute upper respiratory infections & influenza (J00-J11),Co. Cork,41,0.06910652
2019,6,Acute upper respiratory infections & influenza (J00-J11),Co. Cork,35,0.058993371
2019,7,Acute upper respiratory infections & influenza (J00-J11),Co. Cork,51,0.085961769
2019,8,Acute upper respiratory infections & influenza (J00-J11),Co. Cork,34,0.057307846
2019,9,Acute upper respiratory infections & influenza (J00-J11),Co. Cork,43,0.07247757
2019,10,Acute upper respiratory infections & influenza (J00-J11),Co. Cork,46,0.077534145
2019,11,Acute upper respiratory infections & influenza (J00-J11),Co. Cork,65,0.109559117
2019,12,Acute upper respiratory infections & influenza (J00-J11),Co. Cork,268,0.451720668
2020,1,Acute upper respiratory infections & influenza (J00-J11),Co. Cork,205,0.345532601
2020,2,Acute upper respiratory infections & influenza (J00-J11),Co. Cork,88,0.14832619
2020,3,Acute upper respiratory infections & influenza (J00-J11),Co. Cork,51,0.085961769
2020,4,Acute upper respiratory infections & influenza (J00-J11),Co. Cork,23,0.038767072
2020,5,Acute upper respiratory infections & influenza (J00-J11),Co. Cork,16,0.026968398
2020,6,Acute upper respiratory infections & influenza (J00-J11),Co. Cork,12,0.020226299
2020,7,Acute upper respiratory infections & influenza (J00-J11),Co. Cork,14,0.023597348
2020,8,Acute upper respiratory infections & influenza (J00-J11),Co. Cork,23,0.038767072
2020,9,Acute upper respiratory infections & influenza (J00-J11),Co. Cork,37,0.062364421
2020,10,Acute upper respiratory infections & influenza (J00-J11),Co. Cork,23,0.038767072
2020,11,Acute upper respiratory infections & influenza (J00-J11),Co. Cork,16,0.026968398
2020,12,Acute upper respiratory infections & influenza (J00-J11),Co. Cork,16,0.026968398
2021,1,Acute upper respiratory infections & influenza (J00-J11),Co. Cork,10,0.016855249
2021,2,Acute upper respiratory infections & influenza (J00-J11),Co. Cork,11,0.018540774
2021,3,Acute upper respiratory infections & influenza (J00-J11),Co. Cork,5,0.008427624
2021,4,Acute upper respiratory infections & influenza (J00-J11),Co. Cork,10,0.016855249
2021,5,Acute upper respiratory infections & influenza (J00-J11),Co. Cork,28,0.047194697
2021,6,Acute upper respiratory infections & influenza (J00-J11),Co. Cork,21,0.035396023
2021,7,Acute upper respiratory infections & influenza (J00-J11),Co. Cork,24,0.040452597
2021,8,Acute upper respiratory infections & influenza (J00-J11),Co. Cork,29,0.048880222
2021,9,Acute upper respiratory infections & influenza (J00-J11),Co. Cork,25,0.042138122
2021,10,Acute upper respiratory infections & influenza (J00-J11),Co. Cork,35,0.058993371
2021,11,Acute upper respiratory infections & influenza (J00-J11),Co. Cork,28,0.047194697
2021,12,Acute upper respiratory infections & influenza (J00-J11),Co. Cork,36,0.060678896
2022,1,Acute upper respiratory infections & influenza (J00-J11),Co. Cork,24,0.040452597
2022,2,Acute upper respiratory infections & influenza (J00-J11),Co. Cork,37,0.062364421
2022,3,Acute upper respiratory infections & influenza (J00-J11),Co. Cork,43,0.07247757
2022,4,Acute upper respiratory infections & influenza (J00-J11),Co. Cork,26,0.043823647
2022,5,Acute upper respiratory infections & influenza (J00-J11),Co. Cork,29,0.048880222
2022,6,Acute upper respiratory infections & influenza (J00-J11),Co. Cork,42,0.070792045
2022,7,Acute upper respiratory infections & influenza (J00-J11),Co. Cork,29,0.048880222
2022,8,Acute upper respiratory infections & influenza (J00-J11),Co. Cork,23,0.038767072
2022,9,Acute upper respiratory infections & influenza (J00-J11),Co. Cork,37,0.062364421
2022,10,Acute upper respiratory infections & influenza (J00-J11),Co. Cork,54,0.091018344
2022,11,Acute upper respiratory infections & influenza (J00-J11),Co. Cork,56,0.094389393
2022,12,Acute upper respiratory infections & influenza (J00-J11),Co. Cork,160,0.269683981
2023,1,Acute upper respiratory infections & influenza (J00-J11),Co. Cork,178,0.300023429
2023,2,Acute upper respiratory infections & influenza (J00-J11),Co. Cork,75,0.126414366
2023,3,Acute upper respiratory infections & influenza (J00-J11),Co. Cork,59,0.099445968
2023,4,Acute upper respiratory infections & influenza (J00-J11),Co. Cork,55,0.092703868
2023,5,Acute upper respiratory infections & influenza (J00-J11),Co. Cork,46,0.077534145
2023,6,Acute upper respiratory infections & influenza (J00-J11),Co. Cork,44,0.074163095
2023,7,Acute upper respiratory infections & influenza (J00-J11),Co. Cork,27,0.045509172
2023,8,Acute upper respiratory infections & influenza (J00-J11),Co. Cork,32,0.053936796
2023,9,Acute upper respiratory infections & influenza (J00-J11),Co. Cork,38,0.064049946
2023,10,Acute upper respiratory infections & influenza (J00-J11),Co. Cork,51,0.085961769
2023,11,Acute upper respiratory infections & influenza (J00-J11),Co. Cork,56,0.094389393
2023,12,Acute upper respiratory infections & influenza (J00-J11),Co. Cork,151,0.254514257
2017,1,Acute upper respiratory infections & influenza (J00-J11),Co. Dublin,227,0.151186984
2017,2,Acute upper respiratory infections & influenza (J00-J11),Co. Dublin,134,0.089246942
2017,3,Acute upper respiratory infections & influenza (J00-J11),Co. Dublin,139,0.092577052
2017,4,Acute upper respiratory infections & influenza (J00-J11),Co. Dublin,118,0.078590591
2017,5,Acute upper respiratory infections & influenza (J00-J11),Co. Dublin,127,0.084584789
2017,6,Acute upper respiratory infections & influenza (J00-J11),Co. Dublin,106,0.070598328
2017,7,Acute upper respiratory infections & influenza (J00-J11),Co. Dublin,94,0.062606064
2017,8,Acute upper respiratory infections & influenza (J00-J11),Co. Dublin,99,0.065936174
2017,9,Acute upper respiratory infections & influenza (J00-J11),Co. Dublin,120,0.079922635
2017,10,Acute upper respiratory infections & influenza (J00-J11),Co. Dublin,136,0.090578986
2017,11,Acute upper respiratory infections & influenza (J00-J11),Co. Dublin,120,0.079922635
2017,12,Acute upper respiratory infections & influenza (J00-J11),Co. Dublin,196,0.130540304
2018,1,Acute upper respiratory infections & influenza (J00-J11),Co. Dublin,455,0.303039991
2018,2,Acute upper respiratory infections & influenza (J00-J11),Co. Dublin,330,0.219787246
2018,3,Acute upper respiratory infections & influenza (J00-J11),Co. Dublin,251,0.167171511
2018,4,Acute upper respiratory infections & influenza (J00-J11),Co. Dublin,155,0.103233403
2018,5,Acute upper respiratory infections & influenza (J00-J11),Co. Dublin,130,0.086582855
2018,6,Acute upper respiratory infections & influenza (J00-J11),Co. Dublin,120,0.079922635
2018,7,Acute upper respiratory infections & influenza (J00-J11),Co. Dublin,90,0.059941976
2018,8,Acute upper respiratory infections & influenza (J00-J11),Co. Dublin,82,0.054613801
2018,9,Acute upper respiratory infections & influenza (J00-J11),Co. Dublin,93,0.061940042
2018,10,Acute upper respiratory infections & influenza (J00-J11),Co. Dublin,94,0.062606064
2018,11,Acute upper respiratory infections & influenza (J00-J11),Co. Dublin,107,0.071264349
2018,12,Acute upper respiratory infections & influenza (J00-J11),Co. Dublin,144,0.095907162
2019,1,Acute upper respiratory infections & influenza (J00-J11),Co. Dublin,310,0.206466807
2019,2,Acute upper respiratory infections & influenza (J00-J11),Co. Dublin,332,0.22111929
2019,3,Acute upper respiratory infections & influenza (J00-J11),Co. Dublin,180,0.119883952
2019,4,Acute upper respiratory infections & influenza (J00-J11),Co. Dublin,156,0.103899425
2019,5,Acute upper respiratory infections & influenza (J00-J11),Co. Dublin,110,0.073262415
2019,6,Acute upper respiratory infections & influenza (J00-J11),Co. Dublin,83,0.055279823
2019,7,Acute upper respiratory infections & influenza (J00-J11),Co. Dublin,90,0.059941976
2019,8,Acute upper respiratory infections & influenza (J00-J11),Co. Dublin,80,0.053281757
2019,9,Acute upper respiratory infections & influenza (J00-J11),Co. Dublin,100,0.066602196
2019,10,Acute upper respiratory infections & influenza (J00-J11),Co. Dublin,129,0.085916833
2019,11,Acute upper respiratory infections & influenza (J00-J11),Co. Dublin,143,0.09524114
2019,12,Acute upper respiratory infections & influenza (J00-J11),Co. Dublin,427,0.284391376
2020,1,Acute upper respiratory infections & influenza (J00-J11),Co. Dublin,349,0.232441663
2020,2,Acute upper respiratory infections & influenza (J00-J11),Co. Dublin,190,0.126544172
2020,3,Acute upper respiratory infections & influenza (J00-J11),Co. Dublin,208,0.138532567
2020,4,Acute upper respiratory infections & influenza (J00-J11),Co. Dublin,58,0.038629274
2020,5,Acute upper respiratory infections & influenza (J00-J11),Co. Dublin,42,0.027972922
2020,6,Acute upper respiratory infections & influenza (J00-J11),Co. Dublin,25,0.016650549
2020,7,Acute upper respiratory infections & influenza (J00-J11),Co. Dublin,41,0.0273069
2020,8,Acute upper respiratory infections & influenza (J00-J11),Co. Dublin,42,0.027972922
2020,9,Acute upper respiratory infections & influenza (J00-J11),Co. Dublin,50,0.033301098
2020,10,Acute upper respiratory infections & influenza (J00-J11),Co. Dublin,47,0.031303032
2020,11,Acute upper respiratory infections & influenza (J00-J11),Co. Dublin,43,0.028638944
2020,12,Acute upper respiratory infections & influenza (J00-J11),Co. Dublin,39,0.025974856
2021,1,Acute upper respiratory infections & influenza (J00-J11),Co. Dublin,44,0.029304966
2021,2,Acute upper respiratory infections & influenza (J00-J11),Co. Dublin,30,0.019980659
2021,3,Acute upper respiratory infections & influenza (J00-J11),Co. Dublin,45,0.029970988
2021,4,Acute upper respiratory infections & influenza (J00-J11),Co. Dublin,62,0.041293361
2021,5,Acute upper respiratory infections & influenza (J00-J11),Co. Dublin,37,0.024642812
2021,6,Acute upper respiratory infections & influenza (J00-J11),Co. Dublin,58,0.038629274
2021,7,Acute upper respiratory infections & influenza (J00-J11),Co. Dublin,78,0.051949713
2021,8,Acute upper respiratory infections & influenza (J00-J11),Co. Dublin,64,0.042625405
2021,9,Acute upper respiratory infections & influenza (J00-J11),Co. Dublin,67,0.044623471
2021,10,Acute upper respiratory infections & influenza (J00-J11),Co. Dublin,78,0.051949713
2021,11,Acute upper respiratory infections & influenza (J00-J11),Co. Dublin,78,0.051949713
2021,12,Acute upper respiratory infections & influenza (J00-J11),Co. Dublin,67,0.044623471
2022,1,Acute upper respiratory infections & influenza (J00-J11),Co. Dublin,72,0.047953581
2022,2,Acute upper respiratory infections & influenza (J00-J11),Co. Dublin,81,0.053947779
2022,3,Acute upper respiratory infections & influenza (J00-J11),Co. Dublin,171,0.113889755
2022,4,Acute upper respiratory infections & influenza (J00-J11),Co. Dublin,128,0.085250811
2022,5,Acute upper respiratory infections & influenza (J00-J11),Co. Dublin,90,0.059941976
2022,6,Acute upper respiratory infections & influenza (J00-J11),Co. Dublin,127,0.084584789
2022,7,Acute upper respiratory infections & influenza (J00-J11),Co. Dublin,103,0.068600262
2022,8,Acute upper respiratory infections & influenza (J00-J11),Co. Dublin,95,0.063272086
2022,9,Acute upper respiratory infections & influenza (J00-J11),Co. Dublin,95,0.063272086
2022,10,Acute upper respiratory infections & influenza (J00-J11),Co. Dublin,153,0.10190136
2022,11,Acute upper respiratory infections & influenza (J00-J11),Co. Dublin,154,0.102567381
2022,12,Acute upper respiratory infections & influenza (J00-J11),Co. Dublin,507,0.337673132
2023,1,Acute upper respiratory infections & influenza (J00-J11),Co. Dublin,514,0.342335286
2023,2,Acute upper respiratory infections & influenza (J00-J11),Co. Dublin,203,0.135202457
2023,3,Acute upper respiratory infections & influenza (J00-J11),Co. Dublin,185,0.123214062
2023,4,Acute upper respiratory infections & influenza (J00-J11),Co. Dublin,152,0.101235338
2023,5,Acute upper respiratory infections & influenza (J00-J11),Co. Dublin,138,0.09191103
2023,6,Acute upper respiratory infections & influenza (J00-J11),Co. Dublin,125,0.083252745
2023,7,Acute upper respiratory infections & influenza (J00-J11),Co. Dublin,128,0.085250811
2023,8,Acute upper respiratory infections & influenza (J00-J11),Co. Dublin,96,0.063938108
2023,9,Acute upper respiratory infections & influenza (J00-J11),Co. Dublin,90,0.059941976
2023,10,Acute upper respiratory infections & influenza (J00-J11),Co. Dublin,107,0.071264349
2023,11,Acute upper respiratory infections & influenza (J00-J11),Co. Dublin,124,0.082586723
2023,12,Acute upper respiratory infections & influenza (J00-J11),Co. Dublin,255,0.169835599
2017,1,Asthma (J45-J46),Co. Cork,51,0.085961769
2017,2,Asthma (J45-J46),Co. Cork,52,0.087647294
2017,3,Asthma (J45-J46),Co. Cork,45,0.07584862
2017,4,Asthma (J45-J46),Co. Cork,37,0.062364421
2017,5,Asthma (J45-J46),Co. Cork,59,0.099445968
2017,6,Asthma (J45-J46),Co. Cork,57,0.096074918
2017,7,Asthma (J45-J46),Co. Cork,44,0.074163095
2017,8,Asthma (J45-J46),Co. Cork,58,0.097760443
2017,9,Asthma (J45-J46),Co. Cork,60,0.101131493
2017,10,Asthma (J45-J46),Co. Cork,62,0.104502543
2017,11,Asthma (J45-J46),Co. Cork,72,0.121357791
2017,12,Asthma (J45-J46),Co. Cork,68,0.114615692
2018,1,Asthma (J45-J46),Co. Cork,66,0.111244642
2018,2,Asthma (J45-J46),Co. Cork,66,0.111244642
2018,3,Asthma (J45-J46),Co. Cork,64,0.107873592
2018,4,Asthma (J45-J46),Co. Cork,58,0.097760443
2018,5,Asthma (J45-J46),Co. Cork,74,0.124728841
2018,6,Asthma (J45-J46),Co. Cork,57,0.096074918
2018,7,Asthma (J45-J46),Co. Cork,43,0.07247757
2018,8,Asthma (J45-J46),Co. Cork,44,0.074163095
2018,9,Asthma (J45-J46),Co. Cork,66,0.111244642
2018,10,Asthma (J45-J46),Co. Cork,71,0.119672267
2018,11,Asthma (J45-J46),Co. Cork,81,0.136527515
2018,12,Asthma (J45-J46),Co. Cork,53,0.089332819
2019,1,Asthma (J45-J46),Co. Cork,65,0.109559117
2019,2,Asthma (J45-J46),Co. Cork,42,0.070792045
2019,3,Asthma (J45-J46),Co. Cork,51,0.085961769
2019,4,Asthma (J45-J46),Co. Cork,54,0.091018344
2019,5,Asthma (J45-J46),Co. Cork,49,0.082590719
2019,6,Asthma (J45-J46),Co. Cork,36,0.060678896
2019,7,Asthma (J45-J46),Co. Cork,43,0.07247757
2019,8,Asthma (J45-J46),Co. Cork,60,0.101131493
2019,9,Asthma (J45-J46),Co. Cork,68,0.114615692
2019,10,Asthma (J45-J46),Co. Cork,69,0.116301217
2019,11,Asthma (J45-J46),Co. Cork,57,0.096074918
2019,12,Asthma (J45-J46),Co. Cork,49,0.082590719
2020,1,Asthma (J45-J46),Co. Cork,66,0.111244642
2020,2,Asthma (J45-J46),Co. Cork,46,0.077534145
2020,3,Asthma (J45-J46),Co. Cork,64,0.107873592
2020,4,Asthma (J45-J46),Co. Cork,57,0.096074918
2020,5,Asthma (J45-J46),Co. Cork,41,0.06910652
2020,6,Asthma (J45-J46),Co. Cork,34,0.057307846
2020,7,Asthma (J45-J46),Co. Cork,39,0.06573547
2020,8,Asthma (J45-J46),Co. Cork,35,0.058993371
2020,9,Asthma (J45-J46),Co. Cork,44,0.074163095
2020,10,Asthma (J45-J46),Co. Cork,52,0.087647294
2020,11,Asthma (J45-J46),Co. Cork,43,0.07247757
2020,12,Asthma (J45-J46),Co. Cork,49,0.082590719
2021,1,Asthma (J45-J46),Co. Cork,35,0.058993371
2021,2,Asthma (J45-J46),Co. Cork,39,0.06573547
2021,3,Asthma (J45-J46),Co. Cork,41,0.06910652
2021,4,Asthma (J45-J46),Co. Cork,53,0.089332819
2021,5,Asthma (J45-J46),Co. Cork,40,0.067420995
2021,6,Asthma (J45-J46),Co. Cork,51,0.085961769
2021,7,Asthma (J45-J46),Co. Cork,36,0.060678896
2021,8,Asthma (J45-J46),Co. Cork,30,0.050565746
2021,9,Asthma (J45-J46),Co. Cork,42,0.070792045
2021,10,Asthma (J45-J46),Co. Cork,47,0.079219669
2021,11,Asthma (J45-J46),Co. Cork,46,0.077534145
2021,12,Asthma (J45-J46),Co. Cork,43,0.07247757
2022,1,Asthma (J45-J46),Co. Cork,41,0.06910652
2022,2,Asthma (J45-J46),Co. Cork,33,0.055622321
2022,3,Asthma (J45-J46),Co. Cork,55,0.092703868
2022,4,Asthma (J45-J46),Co. Cork,45,0.07584862
2022,5,Asthma (J45-J46),Co. Cork,59,0.099445968
2022,6,Asthma (J45-J46),Co. Cork,36,0.060678896
2022,7,Asthma (J45-J46),Co. Cork,39,0.06573547
2022,8,Asthma (J45-J46),Co. Cork,39,0.06573547
2022,9,Asthma (J45-J46),Co. Cork,52,0.087647294
2022,10,Asthma (J45-J46),Co. Cork,55,0.092703868
2022,11,Asthma (J45-J46),Co. Cork,56,0.094389393
2022,12,Asthma (J45-J46),Co. Cork,57,0.096074918
2023,1,Asthma (J45-J46),Co. Cork,69,0.116301217
2023,2,Asthma (J45-J46),Co. Cork,55,0.092703868
2023,3,Asthma (J45-J46),Co. Cork,64,0.107873592
2023,4,Asthma (J45-J46),Co. Cork,58,0.097760443
2023,5,Asthma (J45-J46),Co. Cork,72,0.121357791
2023,6,Asthma (J45-J46),Co. Cork,39,0.06573547
2023,7,Asthma (J45-J46),Co. Cork,46,0.077534145
2023,8,Asthma (J45-J46),Co. Cork,58,0.097760443
2023,9,Asthma (J45-J46),Co. Cork,65,0.109559117
2023,10,Asthma (J45-J46),Co. Cork,69,0.116301217
2023,11,Asthma (J45-J46),Co. Cork,78,0.131470941
2023,12,Asthma (J45-J46),Co. Cork,66,0.111244642
2017,1,Asthma (J45-J46),Co. Dublin,120,0.079922635
2017,2,Asthma (J45-J46),Co. Dublin,139,0.092577052
2017,3,Asthma (J45-J46),Co. Dublin,132,0.087914898
2017,4,Asthma (J45-J46),Co. Dublin,124,0.082586723
2017,5,Asthma (J45-J46),Co. Dublin,166,0.110559645
2017,6,Asthma (J45-J46),Co. Dublin,144,0.095907162
2017,7,Asthma (J45-J46),Co. Dublin,133,0.08858092
2017,8,Asthma (J45-J46),Co. Dublin,162,0.107895557
2017,9,Asthma (J45-J46),Co. Dublin,207,0.137866545
2017,10,Asthma (J45-J46),Co. Dublin,157,0.104565447
2017,11,Asthma (J45-J46),Co. Dublin,185,0.123214062
2017,12,Asthma (J45-J46),Co. Dublin,176,0.117219865
2018,1,Asthma (J45-J46),Co. Dublin,184,0.12254804
2018,2,Asthma (J45-J46),Co. Dublin,141,0.093909096
2018,3,Asthma (J45-J46),Co. Dublin,201,0.133870413
2018,4,Asthma (J45-J46),Co. Dublin,168,0.111891689
2018,5,Asthma (J45-J46),Co. Dublin,170,0.113223733
2018,6,Asthma (J45-J46),Co. Dublin,159,0.105897491
2018,7,Asthma (J45-J46),Co. Dublin,147,0.097905228
2018,8,Asthma (J45-J46),Co. Dublin,159,0.105897491
2018,9,Asthma (J45-J46),Co. Dublin,174,0.115887821
2018,10,Asthma (J45-J46),Co. Dublin,141,0.093909096
2018,11,Asthma (J45-J46),Co. Dublin,176,0.117219865
2018,12,Asthma (J45-J46),Co. Dublin,170,0.113223733
2019,1,Asthma (J45-J46),Co. Dublin,189,0.12587815
2019,2,Asthma (J45-J46),Co. Dublin,148,0.09857125
2019,3,Asthma (J45-J46),Co. Dublin,166,0.110559645
2019,4,Asthma (J45-J46),Co. Dublin,173,0.115221799
2019,5,Asthma (J45-J46),Co. Dublin,180,0.119883952
2019,6,Asthma (J45-J46),Co. Dublin,136,0.090578986
2019,7,Asthma (J45-J46),Co. Dublin,174,0.115887821
2019,8,Asthma (J45-J46),Co. Dublin,161,0.107229535
2019,9,Asthma (J45-J46),Co. Dublin,189,0.12587815
2019,10,Asthma (J45-J46),Co. Dublin,193,0.128542238
2019,11,Asthma (J45-J46),Co. Dublin,199,0.13253837
2019,12,Asthma (J45-J46),Co. Dublin,167,0.111225667
2020,1,Asthma (J45-J46),Co. Dublin,153,0.10190136
2020,2,Asthma (J45-J46),Co. Dublin,162,0.107895557
2020,3,Asthma (J45-J46),Co. Dublin,164,0.109227601
2020,4,Asthma (J45-J46),Co. Dublin,91,0.060607998
2020,5,Asthma (J45-J46),Co. Dublin,79,0.052615735
2020,6,Asthma (J45-J46),Co. Dublin,80,0.053281757
2020,7,Asthma (J45-J46),Co. Dublin,100,0.066602196
2020,8,Asthma (J45-J46),Co. Dublin,114,0.075926503
2020,9,Asthma (J45-J46),Co. Dublin,143,0.09524114
2020,10,Asthma (J45-J46),Co. Dublin,158,0.105231469
2020,11,Asthma (J45-J46),Co. Dublin,131,0.087248876
2020,12,Asthma (J45-J46),Co. Dublin,140,0.093243074
2021,1,Asthma (J45-J46),Co. Dublin,105,0.069932306
2021,2,Asthma (J45-J46),Co. Dublin,102,0.06793424
2021,3,Asthma (J45-J46),Co. Dublin,160,0.106563513
2021,4,Asthma (J45-J46),Co. Dublin,148,0.09857125
2021,5,Asthma (J45-J46),Co. Dublin,129,0.085916833
2021,6,Asthma (J45-J46),Co. Dublin,126,0.083918767
2021,7,Asthma (J45-J46),Co. Dublin,129,0.085916833
2021,8,Asthma (J45-J46),Co. Dublin,144,0.095907162
2021,9,Asthma (J45-J46),Co. Dublin,124,0.082586723
2021,10,Asthma (J45-J46),Co. Dublin,172,0.114555777
2021,11,Asthma (J45-J46),Co. Dublin,158,0.105231469
2021,12,Asthma (J45-J46),Co. Dublin,159,0.105897491
2022,1,Asthma (J45-J46),Co. Dublin,143,0.09524114
2022,2,Asthma (J45-J46),Co. Dublin,151,0.100569316
2022,3,Asthma (J45-J46),Co. Dublin,184,0.12254804
2022,4,Asthma (J45-J46),Co. Dublin,115,0.076592525
2022,5,Asthma (J45-J46),Co. Dublin,150,0.099903294
2022,6,Asthma (J45-J46),Co. Dublin,151,0.100569316
2022,7,Asthma (J45-J46),Co. Dublin,120,0.079922635
2022,8,Asthma (J45-J46),Co. Dublin,135,0.089912964
2022,9,Asthma (J45-J46),Co. Dublin,177,0.117885887
2022,10,Asthma (J45-J46),Co. Dublin,177,0.117885887
2022,11,Asthma (J45-J46),Co. Dublin,164,0.109227601
2022,12,Asthma (J45-J46),Co. Dublin,176,0.117219865
2023,1,Asthma (J45-J46),Co. Dublin,193,0.128542238
2023,2,Asthma (J45-J46),Co. Dublin,168,0.111891689
2023,3,Asthma (J45-J46),Co. Dublin,179,0.11921793
2023,4,Asthma (J45-J46),Co. Dublin,154,0.102567381
2023,5,Asthma (J45-J46),Co. Dublin,146,0.097239206
2023,6,Asthma (J45-J46),Co. Dublin,144,0.095907162
2023,7,Asthma (J45-J46),Co. Dublin,134,0.089246942
2023,8,Asthma (J45-J46),Co. Dublin,145,0.096573184
2023,9,Asthma (J45-J46),Co. Dublin,175,0.116553843
2023,10,Asthma (J45-J46),Co. Dublin,164,0.109227601
2023,11,Asthma (J45-J46),Co. Dublin,191,0.127210194
2023,12,Asthma (J45-J46),Co. Dublin,184,0.12254804
2017,1,"Chronic obstructive pulmonary disease & bronchiectasis (J40-J44, J47)",Co. Cork,191,0.321935252
2017,2,"Chronic obstructive pulmonary disease & bronchiectasis (J40-J44, J47)",Co. Cork,148,0.249457682
2017,3,"Chronic obstructive pulmonary disease & bronchiectasis (J40-J44, J47)",Co. Cork,153,0.257885307
2017,4,"Chronic obstructive pulmonary disease & bronchiectasis (J40-J44, J47)",Co. Cork,137,0.230916909
2017,5,"Chronic obstructive pulmonary disease & bronchiectasis (J40-J44, J47)",Co. Cork,119,0.200577461
2017,6,"Chronic obstructive pulmonary disease & bronchiectasis (J40-J44, J47)",Co. Cork,136,0.229231384
2017,7,"Chronic obstructive pulmonary disease & bronchiectasis (J40-J44, J47)",Co. Cork,112,0.188778787
2017,8,"Chronic obstructive pulmonary disease & bronchiectasis (J40-J44, J47)",Co. Cork,124,0.209005085
2017,9,"Chronic obstructive pulmonary disease & bronchiectasis (J40-J44, J47)",Co. Cork,154,0.259570832
2017,10,"Chronic obstructive pulmonary disease & bronchiectasis (J40-J44, J47)",Co. Cork,143,0.241030058
2017,11,"Chronic obstructive pulmonary disease & bronchiectasis (J40-J44, J47)",Co. Cork,134,0.225860334
2017,12,"Chronic obstructive pulmonary disease & bronchiectasis (J40-J44, J47)",Co. Cork,151,0.254514257
2018,1,"Chronic obstructive pulmonary disease & bronchiectasis (J40-J44, J47)",Co. Cork,203,0.342161551
2018,2,"Chronic obstructive pulmonary disease & bronchiectasis (J40-J44, J47)",Co. Cork,145,0.244401108
2018,3,"Chronic obstructive pulmonary disease & bronchiectasis (J40-J44, J47)",Co. Cork,155,0.261256357
2018,4,"Chronic obstructive pulmonary disease & bronchiectasis (J40-J44, J47)",Co. Cork,134,0.225860334
2018,5,"Chronic obstructive pulmonary disease & bronchiectasis (J40-J44, J47)",Co. Cork,162,0.273055031
2018,6,"Chronic obstructive pulmonary disease & bronchiectasis (J40-J44, J47)",Co. Cork,156,0.262941881
2018,7,"Chronic obstructive pulmonary disease & bronchiectasis (J40-J44, J47)",Co. Cork,117,0.197206411
2018,8,"Chronic obstructive pulmonary disease & bronchiectasis (J40-J44, J47)",Co. Cork,116,0.195520886
2018,9,"Chronic obstructive pulmonary disease & bronchiectasis (J40-J44, J47)",Co. Cork,122,0.205634036
2018,10,"Chronic obstructive pulmonary disease & bronchiectasis (J40-J44, J47)",Co. Cork,166,0.27979713
2018,11,"Chronic obstructive pulmonary disease & bronchiectasis (J40-J44, J47)",Co. Cork,141,0.237659008
2018,12,"Chronic obstructive pulmonary disease & bronchiectasis (J40-J44, J47)",Co. Cork,175,0.294966854
2019,1,"Chronic obstructive pulmonary disease & bronchiectasis (J40-J44, J47)",Co. Cork,217,0.365758899
2019,2,"Chronic obstructive pulmonary disease & bronchiectasis (J40-J44, J47)",Co. Cork,150,0.252828732
2019,3,"Chronic obstructive pulmonary disease & bronchiectasis (J40-J44, J47)",Co. Cork,164,0.276426081
2019,4,"Chronic obstructive pulmonary disease & bronchiectasis (J40-J44, J47)",Co. Cork,159,0.267998456
2019,5,"Chronic obstructive pulmonary disease & bronchiectasis (J40-J44, J47)",Co. Cork,140,0.235973483
2019,6,"Chronic obstructive pulmonary disease & bronchiectasis (J40-J44, J47)",Co. Cork,130,0.219118235
2019,7,"Chronic obstructive pulmonary disease & bronchiectasis (J40-J44, J47)",Co. Cork,121,0.203948511
2019,8,"Chronic obstructive pulmonary disease & bronchiectasis (J40-J44, J47)",Co. Cork,121,0.203948511
2019,9,"Chronic obstructive pulmonary disease & bronchiectasis (J40-J44, J47)",Co. Cork,152,0.256199782
2019,10,"Chronic obstructive pulmonary disease & bronchiectasis (J40-J44, J47)",Co. Cork,134,0.225860334
2019,11,"Chronic obstructive pulmonary disease & bronchiectasis (J40-J44, J47)",Co. Cork,133,0.224174809
2019,12,"Chronic obstructive pulmonary disease & bronchiectasis (J40-J44, J47)",Co. Cork,160,0.269683981
2020,1,"Chronic obstructive pulmonary disease & bronchiectasis (J40-J44, J47)",Co. Cork,174,0.293281329
2020,2,"Chronic obstructive pulmonary disease & bronchiectasis (J40-J44, J47)",Co. Cork,156,0.262941881
2020,3,"Chronic obstructive pulmonary disease & bronchiectasis (J40-J44, J47)",Co. Cork,166,0.27979713
2020,4,"Chronic obstructive pulmonary disease & bronchiectasis (J40-J44, J47)",Co. Cork,99,0.166866963
2020,5,"Chronic obstructive pulmonary disease & bronchiectasis (J40-J44, J47)",Co. Cork,100,0.168552488
2020,6,"Chronic obstructive pulmonary disease & bronchiectasis (J40-J44, J47)",Co. Cork,95,0.160124864
2020,7,"Chronic obstructive pulmonary disease & bronchiectasis (J40-J44, J47)",Co. Cork,106,0.178665637
2020,8,"Chronic obstructive pulmonary disease & bronchiectasis (J40-J44, J47)",Co. Cork,93,0.156753814
2020,9,"Chronic obstructive pulmonary disease & bronchiectasis (J40-J44, J47)",Co. Cork,85,0.143269615
2020,10,"Chronic obstructive pulmonary disease & bronchiectasis (J40-J44, J47)",Co. Cork,119,0.200577461
2020,11,"Chronic obstructive pulmonary disease & bronchiectasis (J40-J44, J47)",Co. Cork,94,0.158439339
2020,12,"Chronic obstructive pulmonary disease & bronchiectasis (J40-J44, J47)",Co. Cork,108,0.182036687
2021,1,"Chronic obstructive pulmonary disease & bronchiectasis (J40-J44, J47)",Co. Cork,81,0.136527515
2021,2,"Chronic obstructive pulmonary disease & bronchiectasis (J40-J44, J47)",Co. Cork,59,0.099445968
2021,3,"Chronic obstructive pulmonary disease & bronchiectasis (J40-J44, J47)",Co. Cork,100,0.168552488
2021,4,"Chronic obstructive pulmonary disease & bronchiectasis (J40-J44, J47)",Co. Cork,86,0.14495514
2021,5,"Chronic obstructive pulmonary disease & bronchiectasis (J40-J44, J47)",Co. Cork,98,0.165181438
2021,6,"Chronic obstructive pulmonary disease & bronchiectasis (J40-J44, J47)",Co. Cork,111,0.187093262
2021,7,"Chronic obstructive pulmonary disease & bronchiectasis (J40-J44, J47)",Co. Cork,80,0.134841991
2021,8,"Chronic obstructive pulmonary disease & bronchiectasis (J40-J44, J47)",Co. Cork,86,0.14495514
2021,9,"Chronic obstructive pulmonary disease & bronchiectasis (J40-J44, J47)",Co. Cork,101,0.170238013
2021,10,"Chronic obstructive pulmonary disease & bronchiectasis (J40-J44, J47)",Co. Cork,91,0.153382764
2021,11,"Chronic obstructive pulmonary disease & bronchiectasis (J40-J44, J47)",Co. Cork,104,0.175294588
2021,12,"Chronic obstructive pulmonary disease & bronchiectasis (J40-J44, J47)",Co. Cork,108,0.182036687
2022,1,"Chronic obstructive pulmonary disease & bronchiectasis (J40-J44, J47)",Co. Cork,102,0.171923538
2022,2,"Chronic obstructive pulmonary disease & bronchiectasis (J40-J44, J47)",Co. Cork,113,0.190464312
2022,3,"Chronic obstructive pulmonary disease & bronchiectasis (J40-J44, J47)",Co. Cork,99,0.166866963
2022,4,"Chronic obstructive pulmonary disease & bronchiectasis (J40-J44, J47)",Co. Cork,110,0.185407737
2022,5,"Chronic obstructive pulmonary disease & bronchiectasis (J40-J44, J47)",Co. Cork,107,0.180351162
2022,6,"Chronic obstructive pulmonary disease & bronchiectasis (J40-J44, J47)",Co. Cork,133,0.224174809
2022,7,"Chronic obstructive pulmonary disease & bronchiectasis (J40-J44, J47)",Co. Cork,97,0.163495913
2022,8,"Chronic obstructive pulmonary disease & bronchiectasis (J40-J44, J47)",Co. Cork,99,0.166866963
2022,9,"Chronic obstructive pulmonary disease & bronchiectasis (J40-J44, J47)",Co. Cork,101,0.170238013
2022,10,"Chronic obstructive pulmonary disease & bronchiectasis (J40-J44, J47)",Co. Cork,90,0.151697239
2022,11,"Chronic obstructive pulmonary disease & bronchiectasis (J40-J44, J47)",Co. Cork,119,0.200577461
2022,12,"Chronic obstructive pulmonary disease & bronchiectasis (J40-J44, J47)",Co. Cork,119,0.200577461
2023,1,"Chronic obstructive pulmonary disease & bronchiectasis (J40-J44, J47)",Co. Cork,124,0.209005085
2023,2,"Chronic obstructive pulmonary disease & bronchiectasis (J40-J44, J47)",Co. Cork,106,0.178665637
2023,3,"Chronic obstructive pulmonary disease & bronchiectasis (J40-J44, J47)",Co. Cork,127,0.21406166
2023,4,"Chronic obstructive pulmonary disease & bronchiectasis (J40-J44, J47)",Co. Cork,104,0.175294588
2023,5,"Chronic obstructive pulmonary disease & bronchiectasis (J40-J44, J47)",Co. Cork,112,0.188778787
2023,6,"Chronic obstructive pulmonary disease & bronchiectasis (J40-J44, J47)",Co. Cork,113,0.190464312
2023,7,"Chronic obstructive pulmonary disease & bronchiectasis (J40-J44, J47)",Co. Cork,107,0.180351162
2023,8,"Chronic obstructive pulmonary disease & bronchiectasis (J40-J44, J47)",Co. Cork,113,0.190464312
2023,9,"Chronic obstructive pulmonary disease & bronchiectasis (J40-J44, J47)",Co. Cork,116,0.195520886
2023,10,"Chronic obstructive pulmonary disease & bronchiectasis (J40-J44, J47)",Co. Cork,127,0.21406166
2023,11,"Chronic obstructive pulmonary disease & bronchiectasis (J40-J44, J47)",Co. Cork,122,0.205634036
2023,12,"Chronic obstructive pulmonary disease & bronchiectasis (J40-J44, J47)",Co. Cork,165,0.278111605
2017,1,"Chronic obstructive pulmonary disease & bronchiectasis (J40-J44, J47)",Co. Dublin,486,0.323686671
2017,2,"Chronic obstructive pulmonary disease & bronchiectasis (J40-J44, J47)",Co. Dublin,393,0.261746629
2017,3,"Chronic obstructive pulmonary disease & bronchiectasis (J40-J44, J47)",Co. Dublin,428,0.285057398
2017,4,"Chronic obstructive pulmonary disease & bronchiectasis (J40-J44, J47)",Co. Dublin,336,0.223783378
2017,5,"Chronic obstructive pulmonary disease & bronchiectasis (J40-J44, J47)",Co. Dublin,393,0.261746629
2017,6,"Chronic obstructive pulmonary disease & bronchiectasis (J40-J44, J47)",Co. Dublin,370,0.246428124
2017,7,"Chronic obstructive pulmonary disease & bronchiectasis (J40-J44, J47)",Co. Dublin,396,0.263744695
2017,8,"Chronic obstructive pulmonary disease & bronchiectasis (J40-J44, J47)",Co. Dublin,380,0.253088344
2017,9,"Chronic obstructive pulmonary disease & bronchiectasis (J40-J44, J47)",Co. Dublin,361,0.240433927
2017,10,"Chronic obstructive pulmonary disease & bronchiectasis (J40-J44, J47)",Co. Dublin,385,0.256418454
2017,11,"Chronic obstructive pulmonary disease & bronchiectasis (J40-J44, J47)",Co. Dublin,403,0.268406849
2017,12,"Chronic obstructive pulmonary disease & bronchiectasis (J40-J44, J47)",Co. Dublin,504,0.335675067
2018,1,"Chronic obstructive pulmonary disease & bronchiectasis (J40-J44, J47)",Co. Dublin,565,0.376302406
2018,2,"Chronic obstructive pulmonary disease & bronchiectasis (J40-J44, J47)",Co. Dublin,447,0.297711815
2018,3,"Chronic obstructive pulmonary disease & bronchiectasis (J40-J44, J47)",Co. Dublin,440,0.293049661
2018,4,"Chronic obstructive pulmonary disease & bronchiectasis (J40-J44, J47)",Co. Dublin,415,0.276399112
2018,5,"Chronic obstructive pulmonary disease & bronchiectasis (J40-J44, J47)",Co. Dublin,424,0.28239331
2018,6,"Chronic obstructive pulmonary disease & bronchiectasis (J40-J44, J47)",Co. Dublin,405,0.269738893
2018,7,"Chronic obstructive pulmonary disease & bronchiectasis (J40-J44, J47)",Co. Dublin,433,0.288387508
2018,8,"Chronic obstructive pulmonary disease & bronchiectasis (J40-J44, J47)",Co. Dublin,389,0.259082541
2018,9,"Chronic obstructive pulmonary disease & bronchiectasis (J40-J44, J47)",Co. Dublin,365,0.243098015
2018,10,"Chronic obstructive pulmonary disease & bronchiectasis (J40-J44, J47)",Co. Dublin,397,0.264410717
2018,11,"Chronic obstructive pulmonary disease & bronchiectasis (J40-J44, J47)",Co. Dublin,406,0.270404915
2018,12,"Chronic obstructive pulmonary disease & bronchiectasis (J40-J44, J47)",Co. Dublin,406,0.270404915
2019,1,"Chronic obstructive pulmonary disease & bronchiectasis (J40-J44, J47)",Co. Dublin,523,0.348329484
2019,2,"Chronic obstructive pulmonary disease & bronchiectasis (J40-J44, J47)",Co. Dublin,404,0.269072871
2019,3,"Chronic obstructive pulmonary disease & bronchiectasis (J40-J44, J47)",Co. Dublin,399,0.265742761
2019,4,"Chronic obstructive pulmonary disease & bronchiectasis (J40-J44, J47)",Co. Dublin,391,0.260414585
2019,5,"Chronic obstructive pulmonary disease & bronchiectasis (J40-J44, J47)",Co. Dublin,418,0.278397178
2019,6,"Chronic obstructive pulmonary disease & bronchiectasis (J40-J44, J47)",Co. Dublin,337,0.2244494
2019,7,"Chronic obstructive pulmonary disease & bronchiectasis (J40-J44, J47)",Co. Dublin,350,0.233107685
2019,8,"Chronic obstructive pulmonary disease & bronchiectasis (J40-J44, J47)",Co. Dublin,358,0.238435861
2019,9,"Chronic obstructive pulmonary disease & bronchiectasis (J40-J44, J47)",Co. Dublin,330,0.219787246
2019,10,"Chronic obstructive pulmonary disease & bronchiectasis (J40-J44, J47)",Co. Dublin,436,0.290385573
2019,11,"Chronic obstructive pulmonary disease & bronchiectasis (J40-J44, J47)",Co. Dublin,403,0.268406849
2019,12,"Chronic obstructive pulmonary disease & bronchiectasis (J40-J44, J47)",Co. Dublin,441,0.293715683
2020,1,"Chronic obstructive pulmonary disease & bronchiectasis (J40-J44, J47)",Co. Dublin,423,0.281727288
2020,2,"Chronic obstructive pulmonary disease & bronchiectasis (J40-J44, J47)",Co. Dublin,326,0.217123158
2020,3,"Chronic obstructive pulmonary disease & bronchiectasis (J40-J44, J47)",Co. Dublin,359,0.239101883
2020,4,"Chronic obstructive pulmonary disease & bronchiectasis (J40-J44, J47)",Co. Dublin,219,0.145858809
2020,5,"Chronic obstructive pulmonary disease & bronchiectasis (J40-J44, J47)",Co. Dublin,226,0.150520962
2020,6,"Chronic obstructive pulmonary disease & bronchiectasis (J40-J44, J47)",Co. Dublin,216,0.143860743
2020,7,"Chronic obstructive pulmonary disease & bronchiectasis (J40-J44, J47)",Co. Dublin,241,0.160511292
2020,8,"Chronic obstructive pulmonary disease & bronchiectasis (J40-J44, J47)",Co. Dublin,276,0.18382206
2020,9,"Chronic obstructive pulmonary disease & bronchiectasis (J40-J44, J47)",Co. Dublin,312,0.207798851
2020,10,"Chronic obstructive pulmonary disease & bronchiectasis (J40-J44, J47)",Co. Dublin,293,0.195144434
2020,11,"Chronic obstructive pulmonary disease & bronchiectasis (J40-J44, J47)",Co. Dublin,252,0.167837533
2020,12,"Chronic obstructive pulmonary disease & bronchiectasis (J40-J44, J47)",Co. Dublin,290,0.193146368
2021,1,"Chronic obstructive pulmonary disease & bronchiectasis (J40-J44, J47)",Co. Dublin,187,0.124546106
2021,2,"Chronic obstructive pulmonary disease & bronchiectasis (J40-J44, J47)",Co. Dublin,177,0.117885887
2021,3,"Chronic obstructive pulmonary disease & bronchiectasis (J40-J44, J47)",Co. Dublin,241,0.160511292
2021,4,"Chronic obstructive pulmonary disease & bronchiectasis (J40-J44, J47)",Co. Dublin,269,0.179159907
2021,5,"Chronic obstructive pulmonary disease & bronchiectasis (J40-J44, J47)",Co. Dublin,296,0.197142499
2021,6,"Chronic obstructive pulmonary disease & bronchiectasis (J40-J44, J47)",Co. Dublin,292,0.194478412
2021,7,"Chronic obstructive pulmonary disease & bronchiectasis (J40-J44, J47)",Co. Dublin,333,0.221785312
2021,8,"Chronic obstructive pulmonary disease & bronchiectasis (J40-J44, J47)",Co. Dublin,278,0.185154104
2021,9,"Chronic obstructive pulmonary disease & bronchiectasis (J40-J44, J47)",Co. Dublin,301,0.200472609
2021,10,"Chronic obstructive pulmonary disease & bronchiectasis (J40-J44, J47)",Co. Dublin,320,0.213127026
2021,11,"Chronic obstructive pulmonary disease & bronchiectasis (J40-J44, J47)",Co. Dublin,326,0.217123158
2021,12,"Chronic obstructive pulmonary disease & bronchiectasis (J40-J44, J47)",Co. Dublin,288,0.191814324
2022,1,"Chronic obstructive pulmonary disease & bronchiectasis (J40-J44, J47)",Co. Dublin,255,0.169835599
2022,2,"Chronic obstructive pulmonary disease & bronchiectasis (J40-J44, J47)",Co. Dublin,257,0.171167643
2022,3,"Chronic obstructive pulmonary disease & bronchiectasis (J40-J44, J47)",Co. Dublin,321,0.213793048
2022,4,"Chronic obstructive pulmonary disease & bronchiectasis (J40-J44, J47)",Co. Dublin,324,0.215791114
2022,5,"Chronic obstructive pulmonary disease & bronchiectasis (J40-J44, J47)",Co. Dublin,396,0.263744695
2022,6,"Chronic obstructive pulmonary disease & bronchiectasis (J40-J44, J47)",Co. Dublin,329,0.219121224
2022,7,"Chronic obstructive pulmonary disease & bronchiectasis (J40-J44, J47)",Co. Dublin,301,0.200472609
2022,8,"Chronic obstructive pulmonary disease & bronchiectasis (J40-J44, J47)",Co. Dublin,285,0.189816258
2022,9,"Chronic obstructive pulmonary disease & bronchiectasis (J40-J44, J47)",Co. Dublin,321,0.213793048
2022,10,"Chronic obstructive pulmonary disease & bronchiectasis (J40-J44, J47)",Co. Dublin,330,0.219787246
2022,11,"Chronic obstructive pulmonary disease & bronchiectasis (J40-J44, J47)",Co. Dublin,372,0.247760168
2022,12,"Chronic obstructive pulmonary disease & bronchiectasis (J40-J44, J47)",Co. Dublin,353,0.235105751
2023,1,"Chronic obstructive pulmonary disease & bronchiectasis (J40-J44, J47)",Co. Dublin,459,0.305704079
2023,2,"Chronic obstructive pulmonary disease & bronchiectasis (J40-J44, J47)",Co. Dublin,376,0.250424256
2023,3,"Chronic obstructive pulmonary disease & bronchiectasis (J40-J44, J47)",Co. Dublin,404,0.269072871
2023,4,"Chronic obstructive pulmonary disease & bronchiectasis (J40-J44, J47)",Co. Dublin,361,0.240433927
2023,5,"Chronic obstructive pulmonary disease & bronchiectasis (J40-J44, J47)",Co. Dublin,428,0.285057398
2023,6,"Chronic obstructive pulmonary disease & bronchiectasis (J40-J44, J47)",Co. Dublin,361,0.240433927
2023,7,"Chronic obstructive pulmonary disease & bronchiectasis (J40-J44, J47)",Co. Dublin,345,0.229777575
2023,8,"Chronic obstructive pulmonary disease & bronchiectasis (J40-J44, J47)",Co. Dublin,349,0.232441663
2023,9,"Chronic obstructive pulmonary disease & bronchiectasis (J40-J44, J47)",Co. Dublin,319,0.212461004
2023,10,"Chronic obstructive pulmonary disease & bronchiectasis (J40-J44, J47)",Co. Dublin,354,0.235771773
2023,11,"Chronic obstructive pulmonary disease & bronchiectasis (J40-J44, J47)",Co. Dublin,394,0.262412651
2023,12,"Chronic obstructive pulmonary disease & bronchiectasis (J40-J44, J47)",Co. Dublin,354,0.235771773
2017,1,Other acute lower respiratory infections (J20-J22),Co. Cork,300,0.505657464
2017,2,Other acute lower respiratory infections (J20-J22),Co. Cork,139,0.234287958
2017,3,Other acute lower respiratory infections (J20-J22),Co. Cork,141,0.237659008
2017,4,Other acute lower respiratory infections (J20-J22),Co. Cork,153,0.257885307
2017,5,Other acute lower respiratory infections (J20-J22),Co. Cork,148,0.249457682
2017,6,Other acute lower respiratory infections (J20-J22),Co. Cork,122,0.205634036
2017,7,Other acute lower respiratory infections (J20-J22),Co. Cork,86,0.14495514
2017,8,Other acute lower respiratory infections (J20-J22),Co. Cork,102,0.171923538
2017,9,Other acute lower respiratory infections (J20-J22),Co. Cork,108,0.182036687
2017,10,Other acute lower respiratory infections (J20-J22),Co. Cork,122,0.205634036
2017,11,Other acute lower respiratory infections (J20-J22),Co. Cork,156,0.262941881
2017,12,Other acute lower respiratory infections (J20-J22),Co. Cork,243,0.409582546
2018,1,Other acute lower respiratory infections (J20-J22),Co. Cork,228,0.384299673
2018,2,Other acute lower respiratory infections (J20-J22),Co. Cork,158,0.266312931
2018,3,Other acute lower respiratory infections (J20-J22),Co. Cork,141,0.237659008
2018,4,Other acute lower respiratory infections (J20-J22),Co. Cork,146,0.246086633
2018,5,Other acute lower respiratory infections (J20-J22),Co. Cork,124,0.209005085
2018,6,Other acute lower respiratory infections (J20-J22),Co. Cork,108,0.182036687
2018,7,Other acute lower respiratory infections (J20-J22),Co. Cork,100,0.168552488
2018,8,Other acute lower respiratory infections (J20-J22),Co. Cork,100,0.168552488
2018,9,Other acute lower respiratory infections (J20-J22),Co. Cork,107,0.180351162
2018,10,Other acute lower respiratory infections (J20-J22),Co. Cork,147,0.247772158
2018,11,Other acute lower respiratory infections (J20-J22),Co. Cork,171,0.288224755
2018,12,Other acute lower respiratory infections (J20-J22),Co. Cork,278,0.468575917
2019,1,Other acute lower respiratory infections (J20-J22),Co. Cork,226,0.380928623
2019,2,Other acute lower respiratory infections (J20-J22),Co. Cork,158,0.266312931
2019,3,Other acute lower respiratory infections (J20-J22),Co. Cork,112,0.188778787
2019,4,Other acute lower respiratory infections (J20-J22),Co. Cork,132,0.222489284
2019,5,Other acute lower respiratory infections (J20-J22),Co. Cork,108,0.182036687
2019,6,Other acute lower respiratory infections (J20-J22),Co. Cork,89,0.150011714
2019,7,Other acute lower respiratory infections (J20-J22),Co. Cork,99,0.166866963
2019,8,Other acute lower respiratory infections (J20-J22),Co. Cork,90,0.151697239
2019,9,Other acute lower respiratory infections (J20-J22),Co. Cork,101,0.170238013
2019,10,Other acute lower respiratory infections (J20-J22),Co. Cork,113,0.190464312
2019,11,Other acute lower respiratory infections (J20-J22),Co. Cork,139,0.234287958
2019,12,Other acute lower respiratory infections (J20-J22),Co. Cork,249,0.419695695
2020,1,Other acute lower respiratory infections (J20-J22),Co. Cork,206,0.347218126
2020,2,Other acute lower respiratory infections (J20-J22),Co. Cork,198,0.333733926
2020,3,Other acute lower respiratory infections (J20-J22),Co. Cork,147,0.247772158
2020,4,Other acute lower respiratory infections (J20-J22),Co. Cork,74,0.124728841
2020,5,Other acute lower respiratory infections (J20-J22),Co. Cork,54,0.091018344
2020,6,Other acute lower respiratory infections (J20-J22),Co. Cork,44,0.074163095
2020,7,Other acute lower respiratory infections (J20-J22),Co. Cork,58,0.097760443
2020,8,Other acute lower respiratory infections (J20-J22),Co. Cork,55,0.092703868
2020,9,Other acute lower respiratory infections (J20-J22),Co. Cork,80,0.134841991
2020,10,Other acute lower respiratory infections (J20-J22),Co. Cork,77,0.129785416
2020,11,Other acute lower respiratory infections (J20-J22),Co. Cork,52,0.087647294
2020,12,Other acute lower respiratory infections (J20-J22),Co. Cork,63,0.106188068
2021,1,Other acute lower respiratory infections (J20-J22),Co. Cork,54,0.091018344
2021,2,Other acute lower respiratory infections (J20-J22),Co. Cork,40,0.067420995
2021,3,Other acute lower respiratory infections (J20-J22),Co. Cork,34,0.057307846
2021,4,Other acute lower respiratory infections (J20-J22),Co. Cork,49,0.082590719
2021,5,Other acute lower respiratory infections (J20-J22),Co. Cork,55,0.092703868
2021,6,Other acute lower respiratory infections (J20-J22),Co. Cork,47,0.079219669
2021,7,Other acute lower respiratory infections (J20-J22),Co. Cork,57,0.096074918
2021,8,Other acute lower respiratory infections (J20-J22),Co. Cork,55,0.092703868
2021,9,Other acute lower respiratory infections (J20-J22),Co. Cork,94,0.158439339
2021,10,Other acute lower respiratory infections (J20-J22),Co. Cork,141,0.237659008
2021,11,Other acute lower respiratory infections (J20-J22),Co. Cork,134,0.225860334
2021,12,Other acute lower respiratory infections (J20-J22),Co. Cork,106,0.178665637
2022,1,Other acute lower respiratory infections (J20-J22),Co. Cork,57,0.096074918
2022,2,Other acute lower respiratory infections (J20-J22),Co. Cork,64,0.107873592
2022,3,Other acute lower respiratory infections (J20-J22),Co. Cork,72,0.121357791
2022,4,Other acute lower respiratory infections (J20-J22),Co. Cork,61,0.102817018
2022,5,Other acute lower respiratory infections (J20-J22),Co. Cork,79,0.133156466
2022,6,Other acute lower respiratory infections (J20-J22),Co. Cork,66,0.111244642
2022,7,Other acute lower respiratory infections (J20-J22),Co. Cork,63,0.106188068
2022,8,Other acute lower respiratory infections (J20-J22),Co. Cork,53,0.089332819
2022,9,Other acute lower respiratory infections (J20-J22),Co. Cork,77,0.129785416
2022,10,Other acute lower respiratory infections (J20-J22),Co. Cork,120,0.202262986
2022,11,Other acute lower respiratory infections (J20-J22),Co. Cork,176,0.296652379
2022,12,Other acute lower respiratory infections (J20-J22),Co. Cork,165,0.278111605
2023,1,Other acute lower respiratory infections (J20-J22),Co. Cork,111,0.187093262
2023,2,Other acute lower respiratory infections (J20-J22),Co. Cork,89,0.150011714
2023,3,Other acute lower respiratory infections (J20-J22),Co. Cork,117,0.197206411
2023,4,Other acute lower respiratory infections (J20-J22),Co. Cork,89,0.150011714
2023,5,Other acute lower respiratory infections (J20-J22),Co. Cork,79,0.133156466
2023,6,Other acute lower respiratory infections (J20-J22),Co. Cork,71,0.119672267
2023,7,Other acute lower respiratory infections (J20-J22),Co. Cork,77,0.129785416
2023,8,Other acute lower respiratory infections (J20-J22),Co. Cork,74,0.124728841
2023,9,Other acute lower respiratory infections (J20-J22),Co. Cork,82,0.13821304
2023,10,Other acute lower respiratory infections (J20-J22),Co. Cork,105,0.176980113
2023,11,Other acute lower respiratory infections (J20-J22),Co. Cork,188,0.316878678
2023,12,Other acute lower respiratory infections (J20-J22),Co. Cork,163,0.274740556
2017,1,Other acute lower respiratory infections (J20-J22),Co. Dublin,460,0.3063701
2017,2,Other acute lower respiratory infections (J20-J22),Co. Dublin,301,0.200472609
2017,3,Other acute lower respiratory infections (J20-J22),Co. Dublin,270,0.179825929
2017,4,Other acute lower respiratory infections (J20-J22),Co. Dublin,238,0.158513226
2017,5,Other acute lower respiratory infections (J20-J22),Co. Dublin,251,0.167171511
2017,6,Other acute lower respiratory infections (J20-J22),Co. Dublin,248,0.165173445
2017,7,Other acute lower respiratory infections (J20-J22),Co. Dublin,167,0.111225667
2017,8,Other acute lower respiratory infections (J20-J22),Co. Dublin,179,0.11921793
2017,9,Other acute lower respiratory infections (J20-J22),Co. Dublin,239,0.159179248
2017,10,Other acute lower respiratory infections (J20-J22),Co. Dublin,239,0.159179248
2017,11,Other acute lower respiratory infections (J20-J22),Co. Dublin,342,0.227779509
2017,12,Other acute lower respiratory infections (J20-J22),Co. Dublin,565,0.376302406
2018,1,Other acute lower respiratory infections (J20-J22),Co. Dublin,480,0.31969054
2018,2,Other acute lower respiratory infections (J20-J22),Co. Dublin,283,0.188484214
2018,3,Other acute lower respiratory infections (J20-J22),Co. Dublin,292,0.194478412
2018,4,Other acute lower respiratory infections (J20-J22),Co. Dublin,251,0.167171511
2018,5,Other acute lower respiratory infections (J20-J22),Co. Dublin,236,0.157181182
2018,6,Other acute lower respiratory infections (J20-J22),Co. Dublin,206,0.137200523
2018,7,Other acute lower respiratory infections (J20-J22),Co. Dublin,156,0.103899425
2018,8,Other acute lower respiratory infections (J20-J22),Co. Dublin,163,0.108561579
2018,9,Other acute lower respiratory infections (J20-J22),Co. Dublin,195,0.129874282
2018,10,Other acute lower respiratory infections (J20-J22),Co. Dublin,254,0.169169577
2018,11,Other acute lower respiratory infections (J20-J22),Co. Dublin,356,0.237103817
2018,12,Other acute lower respiratory infections (J20-J22),Co. Dublin,529,0.352325616
2019,1,Other acute lower respiratory infections (J20-J22),Co. Dublin,404,0.269072871
2019,2,Other acute lower respiratory infections (J20-J22),Co. Dublin,287,0.191148302
2019,3,Other acute lower respiratory infections (J20-J22),Co. Dublin,263,0.175163775
2019,4,Other acute lower respiratory infections (J20-J22),Co. Dublin,238,0.158513226
2019,5,Other acute lower respiratory infections (J20-J22),Co. Dublin,197,0.131206326
2019,6,Other acute lower respiratory infections (J20-J22),Co. Dublin,165,0.109893623
2019,7,Other acute lower respiratory infections (J20-J22),Co. Dublin,170,0.113223733
2019,8,Other acute lower respiratory infections (J20-J22),Co. Dublin,146,0.097239206
2019,9,Other acute lower respiratory infections (J20-J22),Co. Dublin,186,0.123880084
2019,10,Other acute lower respiratory infections (J20-J22),Co. Dublin,251,0.167171511
2019,11,Other acute lower respiratory infections (J20-J22),Co. Dublin,395,0.263078673
2019,12,Other acute lower respiratory infections (J20-J22),Co. Dublin,550,0.366312077
2020,1,Other acute lower respiratory infections (J20-J22),Co. Dublin,303,0.201804653
2020,2,Other acute lower respiratory infections (J20-J22),Co. Dublin,204,0.135868479
2020,3,Other acute lower respiratory infections (J20-J22),Co. Dublin,245,0.16317538
2020,4,Other acute lower respiratory infections (J20-J22),Co. Dublin,155,0.103233403
2020,5,Other acute lower respiratory infections (J20-J22),Co. Dublin,96,0.063938108
2020,6,Other acute lower respiratory infections (J20-J22),Co. Dublin,87,0.05794391
2020,7,Other acute lower respiratory infections (J20-J22),Co. Dublin,113,0.075260481
2020,8,Other acute lower respiratory infections (J20-J22),Co. Dublin,88,0.058609932
2020,9,Other acute lower respiratory infections (J20-J22),Co. Dublin,129,0.085916833
2020,10,Other acute lower respiratory infections (J20-J22),Co. Dublin,126,0.083918767
2020,11,Other acute lower respiratory infections (J20-J22),Co. Dublin,117,0.077924569
2020,12,Other acute lower respiratory infections (J20-J22),Co. Dublin,109,0.072596393
2021,1,Other acute lower respiratory infections (J20-J22),Co. Dublin,95,0.063272086
2021,2,Other acute lower respiratory infections (J20-J22),Co. Dublin,71,0.047287559
2021,3,Other acute lower respiratory infections (J20-J22),Co. Dublin,96,0.063938108
2021,4,Other acute lower respiratory infections (J20-J22),Co. Dublin,92,0.06127402
2021,5,Other acute lower respiratory infections (J20-J22),Co. Dublin,114,0.075926503
2021,6,Other acute lower respiratory infections (J20-J22),Co. Dublin,105,0.069932306
2021,7,Other acute lower respiratory infections (J20-J22),Co. Dublin,131,0.087248876
2021,8,Other acute lower respiratory infections (J20-J22),Co. Dublin,115,0.076592525
2021,9,Other acute lower respiratory infections (J20-J22),Co. Dublin,219,0.145858809
2021,10,Other acute lower respiratory infections (J20-J22),Co. Dublin,400,0.266408783
2021,11,Other acute lower respiratory infections (J20-J22),Co. Dublin,442,0.294381705
2021,12,Other acute lower respiratory infections (J20-J22),Co. Dublin,303,0.201804653
2022,1,Other acute lower respiratory infections (J20-J22),Co. Dublin,174,0.115887821
2022,2,Other acute lower respiratory infections (J20-J22),Co. Dublin,170,0.113223733
2022,3,Other acute lower respiratory infections (J20-J22),Co. Dublin,184,0.12254804
2022,4,Other acute lower respiratory infections (J20-J22),Co. Dublin,195,0.129874282
2022,5,Other acute lower respiratory infections (J20-J22),Co. Dublin,189,0.12587815
2022,6,Other acute lower respiratory infections (J20-J22),Co. Dublin,200,0.133204392
2022,7,Other acute lower respiratory infections (J20-J22),Co. Dublin,175,0.116553843
2022,8,Other acute lower respiratory infections (J20-J22),Co. Dublin,149,0.099237272
2022,9,Other acute lower respiratory infections (J20-J22),Co. Dublin,203,0.135202457
2022,10,Other acute lower respiratory infections (J20-J22),Co. Dublin,390,0.259748563
2022,11,Other acute lower respiratory infections (J20-J22),Co. Dublin,530,0.352991637
2022,12,Other acute lower respiratory infections (J20-J22),Co. Dublin,405,0.269738893
2023,1,Other acute lower respiratory infections (J20-J22),Co. Dublin,376,0.250424256
2023,2,Other acute lower respiratory infections (J20-J22),Co. Dublin,263,0.175163775
2023,3,Other acute lower respiratory infections (J20-J22),Co. Dublin,294,0.195810456
2023,4,Other acute lower respiratory infections (J20-J22),Co. Dublin,272,0.181157972
2023,5,Other acute lower respiratory infections (J20-J22),Co. Dublin,249,0.165839467
2023,6,Other acute lower respiratory infections (J20-J22),Co. Dublin,192,0.127876216
2023,7,Other acute lower respiratory infections (J20-J22),Co. Dublin,180,0.119883952
2023,8,Other acute lower respiratory infections (J20-J22),Co. Dublin,174,0.115887821
2023,9,Other acute lower respiratory infections (J20-J22),Co. Dublin,191,0.127210194
2023,10,Other acute lower respiratory infections (J20-J22),Co. Dublin,333,0.221785312
2023,11,Other acute lower respiratory infections (J20-J22),Co. Dublin,625,0.416263723
2023,12,Other acute lower respiratory infections (J20-J22),Co. Dublin,480,0.31969054
2017,1,Other diseases of the respiratory system (J60-J99),Co. Cork,70,0.117986742
2017,2,Other diseases of the respiratory system (J60-J99),Co. Cork,57,0.096074918
2017,3,Other diseases of the respiratory system (J60-J99),Co. Cork,79,0.133156466
2017,4,Other diseases of the respiratory system (J60-J99),Co. Cork,68,0.114615692
2017,5,Other diseases of the respiratory system (J60-J99),Co. Cork,62,0.104502543
2017,6,Other diseases of the respiratory system (J60-J99),Co. Cork,58,0.097760443
2017,7,Other diseases of the respiratory system (J60-J99),Co. Cork,73,0.123043316
2017,8,Other diseases of the respiratory system (J60-J99),Co. Cork,76,0.128099891
2017,9,Other diseases of the respiratory system (J60-J99),Co. Cork,54,0.091018344
2017,10,Other diseases of the respiratory system (J60-J99),Co. Cork,75,0.126414366
2017,11,Other diseases of the respiratory system (J60-J99),Co. Cork,76,0.128099891
2017,12,Other diseases of the respiratory system (J60-J99),Co. Cork,81,0.136527515
2018,1,Other diseases of the respiratory system (J60-J99),Co. Cork,83,0.139898565
2018,2,Other diseases of the respiratory system (J60-J99),Co. Cork,62,0.104502543
2018,3,Other diseases of the respiratory system (J60-J99),Co. Cork,64,0.107873592
2018,4,Other diseases of the respiratory system (J60-J99),Co. Cork,65,0.109559117
2018,5,Other diseases of the respiratory system (J60-J99),Co. Cork,72,0.121357791
2018,6,Other diseases of the respiratory system (J60-J99),Co. Cork,59,0.099445968
2018,7,Other diseases of the respiratory system (J60-J99),Co. Cork,75,0.126414366
2018,8,Other diseases of the respiratory system (J60-J99),Co. Cork,66,0.111244642
2018,9,Other diseases of the respiratory system (J60-J99),Co. Cork,65,0.109559117
2018,10,Other diseases of the respiratory system (J60-J99),Co. Cork,82,0.13821304
2018,11,Other diseases of the respiratory system (J60-J99),Co. Cork,100,0.168552488
2018,12,Other diseases of the respiratory system (J60-J99),Co. Cork,69,0.116301217
2019,1,Other diseases of the respiratory system (J60-J99),Co. Cork,80,0.134841991
2019,2,Other diseases of the respiratory system (J60-J99),Co. Cork,78,0.131470941
2019,3,Other diseases of the respiratory system (J60-J99),Co. Cork,82,0.13821304
2019,4,Other diseases of the respiratory system (J60-J99),Co. Cork,82,0.13821304
2019,5,Other diseases of the respiratory system (J60-J99),Co. Cork,79,0.133156466
2019,6,Other diseases of the respiratory system (J60-J99),Co. Cork,75,0.126414366
2019,7,Other diseases of the respiratory system (J60-J99),Co. Cork,94,0.158439339
2019,8,Other diseases of the respiratory system (J60-J99),Co. Cork,73,0.123043316
2019,9,Other diseases of the respiratory system (J60-J99),Co. Cork,89,0.150011714
2019,10,Other diseases of the respiratory system (J60-J99),Co. Cork,70,0.117986742
2019,11,Other diseases of the respiratory system (J60-J99),Co. Cork,99,0.166866963
2019,12,Other diseases of the respiratory system (J60-J99),Co. Cork,100,0.168552488
2020,1,Other diseases of the respiratory system (J60-J99),Co. Cork,87,0.146640665
2020,2,Other diseases of the respiratory system (J60-J99),Co. Cork,84,0.14158409
2020,3,Other diseases of the respiratory system (J60-J99),Co. Cork,102,0.171923538
2020,4,Other diseases of the respiratory system (J60-J99),Co. Cork,68,0.114615692
2020,5,Other diseases of the respiratory system (J60-J99),Co. Cork,74,0.124728841
2020,6,Other diseases of the respiratory system (J60-J99),Co. Cork,77,0.129785416
2020,7,Other diseases of the respiratory system (J60-J99),Co. Cork,90,0.151697239
2020,8,Other diseases of the respiratory system (J60-J99),Co. Cork,70,0.117986742
2020,9,Other diseases of the respiratory system (J60-J99),Co. Cork,75,0.126414366
2020,10,Other diseases of the respiratory system (J60-J99),Co. Cork,74,0.124728841
2020,11,Other diseases of the respiratory system (J60-J99),Co. Cork,78,0.131470941
2020,12,Other diseases of the respiratory system (J60-J99),Co. Cork,89,0.150011714
2021,1,Other diseases of the respiratory system (J60-J99),Co. Cork,70,0.117986742
2021,2,Other diseases of the respiratory system (J60-J99),Co. Cork,76,0.128099891
2021,3,Other diseases of the respiratory system (J60-J99),Co. Cork,80,0.134841991
2021,4,Other diseases of the respiratory system (J60-J99),Co. Cork,90,0.151697239
2021,5,Other diseases of the respiratory system (J60-J99),Co. Cork,74,0.124728841
2021,6,Other diseases of the respiratory system (J60-J99),Co. Cork,90,0.151697239
2021,7,Other diseases of the respiratory system (J60-J99),Co. Cork,110,0.185407737
2021,8,Other diseases of the respiratory system (J60-J99),Co. Cork,100,0.168552488
2021,9,Other diseases of the respiratory system (J60-J99),Co. Cork,91,0.153382764
2021,10,Other diseases of the respiratory system (J60-J99),Co. Cork,98,0.165181438
2021,11,Other diseases of the respiratory system (J60-J99),Co. Cork,94,0.158439339
2021,12,Other diseases of the respiratory system (J60-J99),Co. Cork,84,0.14158409
2022,1,Other diseases of the respiratory system (J60-J99),Co. Cork,76,0.128099891
2022,2,Other diseases of the respiratory system (J60-J99),Co. Cork,78,0.131470941
2022,3,Other diseases of the respiratory system (J60-J99),Co. Cork,85,0.143269615
2022,4,Other diseases of the respiratory system (J60-J99),Co. Cork,91,0.153382764
2022,5,Other diseases of the respiratory system (J60-J99),Co. Cork,84,0.14158409
2022,6,Other diseases of the respiratory system (J60-J99),Co. Cork,85,0.143269615
2022,7,Other diseases of the respiratory system (J60-J99),Co. Cork,86,0.14495514
2022,8,Other diseases of the respiratory system (J60-J99),Co. Cork,103,0.173609063
2022,9,Other diseases of the respiratory system (J60-J99),Co. Cork,80,0.134841991
2022,10,Other diseases of the respiratory system (J60-J99),Co. Cork,78,0.131470941
2022,11,Other diseases of the respiratory system (J60-J99),Co. Cork,89,0.150011714
2022,12,Other diseases of the respiratory system (J60-J99),Co. Cork,93,0.156753814
2023,1,Other diseases of the respiratory system (J60-J99),Co. Cork,98,0.165181438
2023,2,Other diseases of the respiratory system (J60-J99),Co. Cork,83,0.139898565
2023,3,Other diseases of the respiratory system (J60-J99),Co. Cork,95,0.160124864
2023,4,Other diseases of the respiratory system (J60-J99),Co. Cork,95,0.160124864
2023,5,Other diseases of the respiratory system (J60-J99),Co. Cork,101,0.170238013
2023,6,Other diseases of the respiratory system (J60-J99),Co. Cork,94,0.158439339
2023,7,Other diseases of the respiratory system (J60-J99),Co. Cork,70,0.117986742
2023,8,Other diseases of the respiratory system (J60-J99),Co. Cork,79,0.133156466
2023,9,Other diseases of the respiratory system (J60-J99),Co. Cork,93,0.156753814
2023,10,Other diseases of the respiratory system (J60-J99),Co. Cork,87,0.146640665
2023,11,Other diseases of the respiratory system (J60-J99),Co. Cork,140,0.235973483
2023,12,Other diseases of the respiratory system (J60-J99),Co. Cork,92,0.155068289
2017,1,Other diseases of the respiratory system (J60-J99),Co. Dublin,165,0.109893623
2017,2,Other diseases of the respiratory system (J60-J99),Co. Dublin,160,0.106563513
2017,3,Other diseases of the respiratory system (J60-J99),Co. Dublin,170,0.113223733
2017,4,Other diseases of the respiratory system (J60-J99),Co. Dublin,166,0.110559645
2017,5,Other diseases of the respiratory system (J60-J99),Co. Dublin,167,0.111225667
2017,6,Other diseases of the respiratory system (J60-J99),Co. Dublin,173,0.115221799
2017,7,Other diseases of the respiratory system (J60-J99),Co. Dublin,133,0.08858092
2017,8,Other diseases of the respiratory system (J60-J99),Co. Dublin,190,0.126544172
2017,9,Other diseases of the respiratory system (J60-J99),Co. Dublin,170,0.113223733
2017,10,Other diseases of the respiratory system (J60-J99),Co. Dublin,181,0.120549974
2017,11,Other diseases of the respiratory system (J60-J99),Co. Dublin,195,0.129874282
2017,12,Other diseases of the respiratory system (J60-J99),Co. Dublin,169,0.112557711
2018,1,Other diseases of the respiratory system (J60-J99),Co. Dublin,179,0.11921793
2018,2,Other diseases of the respiratory system (J60-J99),Co. Dublin,137,0.091245008
2018,3,Other diseases of the respiratory system (J60-J99),Co. Dublin,176,0.117219865
2018,4,Other diseases of the respiratory system (J60-J99),Co. Dublin,151,0.100569316
2018,5,Other diseases of the respiratory system (J60-J99),Co. Dublin,197,0.131206326
2018,6,Other diseases of the respiratory system (J60-J99),Co. Dublin,188,0.125212128
2018,7,Other diseases of the respiratory system (J60-J99),Co. Dublin,162,0.107895557
2018,8,Other diseases of the respiratory system (J60-J99),Co. Dublin,141,0.093909096
2018,9,Other diseases of the respiratory system (J60-J99),Co. Dublin,180,0.119883952
2018,10,Other diseases of the respiratory system (J60-J99),Co. Dublin,191,0.127210194
2018,11,Other diseases of the respiratory system (J60-J99),Co. Dublin,164,0.109227601
2018,12,Other diseases of the respiratory system (J60-J99),Co. Dublin,149,0.099237272
2019,1,Other diseases of the respiratory system (J60-J99),Co. Dublin,191,0.127210194
2019,2,Other diseases of the respiratory system (J60-J99),Co. Dublin,170,0.113223733
2019,3,Other diseases of the respiratory system (J60-J99),Co. Dublin,165,0.109893623
2019,4,Other diseases of the respiratory system (J60-J99),Co. Dublin,176,0.117219865
2019,5,Other diseases of the respiratory system (J60-J99),Co. Dublin,172,0.114555777
2019,6,Other diseases of the respiratory system (J60-J99),Co. Dublin,159,0.105897491
2019,7,Other diseases of the respiratory system (J60-J99),Co. Dublin,200,0.133204392
2019,8,Other diseases of the respiratory system (J60-J99),Co. Dublin,161,0.107229535
2019,9,Other diseases of the respiratory system (J60-J99),Co. Dublin,165,0.109893623
2019,10,Other diseases of the respiratory system (J60-J99),Co. Dublin,176,0.117219865
2019,11,Other diseases of the respiratory system (J60-J99),Co. Dublin,208,0.138532567
2019,12,Other diseases of the respiratory system (J60-J99),Co. Dublin,176,0.117219865
2020,1,Other diseases of the respiratory system (J60-J99),Co. Dublin,167,0.111225667
2020,2,Other diseases of the respiratory system (J60-J99),Co. Dublin,181,0.120549974
2020,3,Other diseases of the respiratory system (J60-J99),Co. Dublin,171,0.113889755
2020,4,Other diseases of the respiratory system (J60-J99),Co. Dublin,159,0.105897491
2020,5,Other diseases of the respiratory system (J60-J99),Co. Dublin,121,0.080588657
2020,6,Other diseases of the respiratory system (J60-J99),Co. Dublin,137,0.091245008
2020,7,Other diseases of the respiratory system (J60-J99),Co. Dublin,162,0.107895557
2020,8,Other diseases of the respiratory system (J60-J99),Co. Dublin,146,0.097239206
2020,9,Other diseases of the respiratory system (J60-J99),Co. Dublin,198,0.131872348
2020,10,Other diseases of the respiratory system (J60-J99),Co. Dublin,164,0.109227601
2020,11,Other diseases of the respiratory system (J60-J99),Co. Dublin,167,0.111225667
2020,12,Other diseases of the respiratory system (J60-J99),Co. Dublin,158,0.105231469
2021,1,Other diseases of the respiratory system (J60-J99),Co. Dublin,159,0.105897491
2021,2,Other diseases of the respiratory system (J60-J99),Co. Dublin,168,0.111891689
2021,3,Other diseases of the respiratory system (J60-J99),Co. Dublin,179,0.11921793
2021,4,Other diseases of the respiratory system (J60-J99),Co. Dublin,180,0.119883952
2021,5,Other diseases of the respiratory system (J60-J99),Co. Dublin,192,0.127876216
2021,6,Other diseases of the respiratory system (J60-J99),Co. Dublin,213,0.141862677
2021,7,Other diseases of the respiratory system (J60-J99),Co. Dublin,184,0.12254804
2021,8,Other diseases of the respiratory system (J60-J99),Co. Dublin,158,0.105231469
2021,9,Other diseases of the respiratory system (J60-J99),Co. Dublin,175,0.116553843
2021,10,Other diseases of the respiratory system (J60-J99),Co. Dublin,167,0.111225667
2021,11,Other diseases of the respiratory system (J60-J99),Co. Dublin,202,0.134536435
2021,12,Other diseases of the respiratory system (J60-J99),Co. Dublin,203,0.135202457
2022,1,Other diseases of the respiratory system (J60-J99),Co. Dublin,179,0.11921793
2022,2,Other diseases of the respiratory system (J60-J99),Co. Dublin,180,0.119883952
2022,3,Other diseases of the respiratory system (J60-J99),Co. Dublin,180,0.119883952
2022,4,Other diseases of the respiratory system (J60-J99),Co. Dublin,197,0.131206326
2022,5,Other diseases of the respiratory system (J60-J99),Co. Dublin,192,0.127876216
2022,6,Other diseases of the respiratory system (J60-J99),Co. Dublin,185,0.123214062
2022,7,Other diseases of the respiratory system (J60-J99),Co. Dublin,177,0.117885887
2022,8,Other diseases of the respiratory system (J60-J99),Co. Dublin,171,0.113889755
2022,9,Other diseases of the respiratory system (J60-J99),Co. Dublin,161,0.107229535
2022,10,Other diseases of the respiratory system (J60-J99),Co. Dublin,185,0.123214062
2022,11,Other diseases of the respiratory system (J60-J99),Co. Dublin,198,0.131872348
2022,12,Other diseases of the respiratory system (J60-J99),Co. Dublin,192,0.127876216
2023,1,Other diseases of the respiratory system (J60-J99),Co. Dublin,206,0.137200523
2023,2,Other diseases of the respiratory system (J60-J99),Co. Dublin,201,0.133870413
2023,3,Other diseases of the respiratory system (J60-J99),Co. Dublin,225,0.14985494
2023,4,Other diseases of the respiratory system (J60-J99),Co. Dublin,204,0.135868479
2023,5,Other diseases of the respiratory system (J60-J99),Co. Dublin,197,0.131206326
2023,6,Other diseases of the respiratory system (J60-J99),Co. Dublin,176,0.117219865
2023,7,Other diseases of the respiratory system (J60-J99),Co. Dublin,202,0.134536435
2023,8,Other diseases of the respiratory system (J60-J99),Co. Dublin,192,0.127876216
2023,9,Other diseases of the respiratory system (J60-J99),Co. Dublin,175,0.116553843
2023,10,Other diseases of the respiratory system (J60-J99),Co. Dublin,195,0.129874282
2023,11,Other diseases of the respiratory system (J60-J99),Co. Dublin,182,0.121215996
2023,12,Other diseases of the respiratory system (J60-J99),Co. Dublin,196,0.130540304
2017,1,"Other diseases of upper respiratory tract (J30-J34, J36-J39)",Co. Cork,62,0.104502543
2017,2,"Other diseases of upper respiratory tract (J30-J34, J36-J39)",Co. Cork,58,0.097760443
2017,3,"Other diseases of upper respiratory tract (J30-J34, J36-J39)",Co. Cork,58,0.097760443
2017,4,"Other diseases of upper respiratory tract (J30-J34, J36-J39)",Co. Cork,59,0.099445968
2017,5,"Other diseases of upper respiratory tract (J30-J34, J36-J39)",Co. Cork,69,0.116301217
2017,6,"Other diseases of upper respiratory tract (J30-J34, J36-J39)",Co. Cork,57,0.096074918
2017,7,"Other diseases of upper respiratory tract (J30-J34, J36-J39)",Co. Cork,42,0.070792045
2017,8,"Other diseases of upper respiratory tract (J30-J34, J36-J39)",Co. Cork,51,0.085961769
2017,9,"Other diseases of upper respiratory tract (J30-J34, J36-J39)",Co. Cork,50,0.084276244
2017,10,"Other diseases of upper respiratory tract (J30-J34, J36-J39)",Co. Cork,45,0.07584862
2017,11,"Other diseases of upper respiratory tract (J30-J34, J36-J39)",Co. Cork,56,0.094389393
2017,12,"Other diseases of upper respiratory tract (J30-J34, J36-J39)",Co. Cork,37,0.062364421
2018,1,"Other diseases of upper respiratory tract (J30-J34, J36-J39)",Co. Cork,53,0.089332819
2018,2,"Other diseases of upper respiratory tract (J30-J34, J36-J39)",Co. Cork,53,0.089332819
2018,3,"Other diseases of upper respiratory tract (J30-J34, J36-J39)",Co. Cork,50,0.084276244
2018,4,"Other diseases of upper respiratory tract (J30-J34, J36-J39)",Co. Cork,48,0.080905194
2018,5,"Other diseases of upper respiratory tract (J30-J34, J36-J39)",Co. Cork,57,0.096074918
2018,6,"Other diseases of upper respiratory tract (J30-J34, J36-J39)",Co. Cork,55,0.092703868
2018,7,"Other diseases of upper respiratory tract (J30-J34, J36-J39)",Co. Cork,54,0.091018344
2018,8,"Other diseases of upper respiratory tract (J30-J34, J36-J39)",Co. Cork,57,0.096074918
2018,9,"Other diseases of upper respiratory tract (J30-J34, J36-J39)",Co. Cork,53,0.089332819
2018,10,"Other diseases of upper respiratory tract (J30-J34, J36-J39)",Co. Cork,68,0.114615692
2018,11,"Other diseases of upper respiratory tract (J30-J34, J36-J39)",Co. Cork,49,0.082590719
2018,12,"Other diseases of upper respiratory tract (J30-J34, J36-J39)",Co. Cork,42,0.070792045
2019,1,"Other diseases of upper respiratory tract (J30-J34, J36-J39)",Co. Cork,67,0.112930167
2019,2,"Other diseases of upper respiratory tract (J30-J34, J36-J39)",Co. Cork,68,0.114615692
2019,3,"Other diseases of upper respiratory tract (J30-J34, J36-J39)",Co. Cork,54,0.091018344
2019,4,"Other diseases of upper respiratory tract (J30-J34, J36-J39)",Co. Cork,58,0.097760443
2019,5,"Other diseases of upper respiratory tract (J30-J34, J36-J39)",Co. Cork,72,0.121357791
2019,6,"Other diseases of upper respiratory tract (J30-J34, J36-J39)",Co. Cork,74,0.124728841
2019,7,"Other diseases of upper respiratory tract (J30-J34, J36-J39)",Co. Cork,59,0.099445968
2019,8,"Other diseases of upper respiratory tract (J30-J34, J36-J39)",Co. Cork,61,0.102817018
2019,9,"Other diseases of upper respiratory tract (J30-J34, J36-J39)",Co. Cork,62,0.104502543
2019,10,"Other diseases of upper respiratory tract (J30-J34, J36-J39)",Co. Cork,55,0.092703868
2019,11,"Other diseases of upper respiratory tract (J30-J34, J36-J39)",Co. Cork,55,0.092703868
2019,12,"Other diseases of upper respiratory tract (J30-J34, J36-J39)",Co. Cork,49,0.082590719
2020,1,"Other diseases of upper respiratory tract (J30-J34, J36-J39)",Co. Cork,64,0.107873592
2020,2,"Other diseases of upper respiratory tract (J30-J34, J36-J39)",Co. Cork,84,0.14158409
2020,3,"Other diseases of upper respiratory tract (J30-J34, J36-J39)",Co. Cork,34,0.057307846
2020,4,"Other diseases of upper respiratory tract (J30-J34, J36-J39)",Co. Cork,6,0.010113149
2020,5,"Other diseases of upper respiratory tract (J30-J34, J36-J39)",Co. Cork,17,0.028653923
2020,6,"Other diseases of upper respiratory tract (J30-J34, J36-J39)",Co. Cork,39,0.06573547
2020,7,"Other diseases of upper respiratory tract (J30-J34, J36-J39)",Co. Cork,73,0.123043316
2020,8,"Other diseases of upper respiratory tract (J30-J34, J36-J39)",Co. Cork,36,0.060678896
2020,9,"Other diseases of upper respiratory tract (J30-J34, J36-J39)",Co. Cork,51,0.085961769
2020,10,"Other diseases of upper respiratory tract (J30-J34, J36-J39)",Co. Cork,51,0.085961769
2020,11,"Other diseases of upper respiratory tract (J30-J34, J36-J39)",Co. Cork,45,0.07584862
2020,12,"Other diseases of upper respiratory tract (J30-J34, J36-J39)",Co. Cork,47,0.079219669
2021,1,"Other diseases of upper respiratory tract (J30-J34, J36-J39)",Co. Cork,16,0.026968398
2021,2,"Other diseases of upper respiratory tract (J30-J34, J36-J39)",Co. Cork,20,0.033710498
2021,3,"Other diseases of upper respiratory tract (J30-J34, J36-J39)",Co. Cork,48,0.080905194
2021,4,"Other diseases of upper respiratory tract (J30-J34, J36-J39)",Co. Cork,49,0.082590719
2021,5,"Other diseases of upper respiratory tract (J30-J34, J36-J39)",Co. Cork,51,0.085961769
2021,6,"Other diseases of upper respiratory tract (J30-J34, J36-J39)",Co. Cork,64,0.107873592
2021,7,"Other diseases of upper respiratory tract (J30-J34, J36-J39)",Co. Cork,44,0.074163095
2021,8,"Other diseases of upper respiratory tract (J30-J34, J36-J39)",Co. Cork,50,0.084276244
2021,9,"Other diseases of upper respiratory tract (J30-J34, J36-J39)",Co. Cork,62,0.104502543
2021,10,"Other diseases of upper respiratory tract (J30-J34, J36-J39)",Co. Cork,56,0.094389393
2021,11,"Other diseases of upper respiratory tract (J30-J34, J36-J39)",Co. Cork,57,0.096074918
2021,12,"Other diseases of upper respiratory tract (J30-J34, J36-J39)",Co. Cork,43,0.07247757
2022,1,"Other diseases of upper respiratory tract (J30-J34, J36-J39)",Co. Cork,52,0.087647294
2022,2,"Other diseases of upper respiratory tract (J30-J34, J36-J39)",Co. Cork,41,0.06910652
2022,3,"Other diseases of upper respiratory tract (J30-J34, J36-J39)",Co. Cork,49,0.082590719
2022,4,"Other diseases of upper respiratory tract (J30-J34, J36-J39)",Co. Cork,50,0.084276244
2022,5,"Other diseases of upper respiratory tract (J30-J34, J36-J39)",Co. Cork,52,0.087647294
2022,6,"Other diseases of upper respiratory tract (J30-J34, J36-J39)",Co. Cork,59,0.099445968
2022,7,"Other diseases of upper respiratory tract (J30-J34, J36-J39)",Co. Cork,52,0.087647294
2022,8,"Other diseases of upper respiratory tract (J30-J34, J36-J39)",Co. Cork,54,0.091018344
2022,9,"Other diseases of upper respiratory tract (J30-J34, J36-J39)",Co. Cork,70,0.117986742
2022,10,"Other diseases of upper respiratory tract (J30-J34, J36-J39)",Co. Cork,64,0.107873592
2022,11,"Other diseases of upper respiratory tract (J30-J34, J36-J39)",Co. Cork,63,0.106188068
2022,12,"Other diseases of upper respiratory tract (J30-J34, J36-J39)",Co. Cork,48,0.080905194
2023,1,"Other diseases of upper respiratory tract (J30-J34, J36-J39)",Co. Cork,64,0.107873592
2023,2,"Other diseases of upper respiratory tract (J30-J34, J36-J39)",Co. Cork,62,0.104502543
2023,3,"Other diseases of upper respiratory tract (J30-J34, J36-J39)",Co. Cork,85,0.143269615
2023,4,"Other diseases of upper respiratory tract (J30-J34, J36-J39)",Co. Cork,49,0.082590719
2023,5,"Other diseases of upper respiratory tract (J30-J34, J36-J39)",Co. Cork,56,0.094389393
2023,6,"Other diseases of upper respiratory tract (J30-J34, J36-J39)",Co. Cork,47,0.079219669
2023,7,"Other diseases of upper respiratory tract (J30-J34, J36-J39)",Co. Cork,55,0.092703868
2023,8,"Other diseases of upper respiratory tract (J30-J34, J36-J39)",Co. Cork,62,0.104502543
2023,9,"Other diseases of upper respiratory tract (J30-J34, J36-J39)",Co. Cork,68,0.114615692
2023,10,"Other diseases of upper respiratory tract (J30-J34, J36-J39)",Co. Cork,60,0.101131493
2023,11,"Other diseases of upper respiratory tract (J30-J34, J36-J39)",Co. Cork,66,0.111244642
2023,12,"Other diseases of upper respiratory tract (J30-J34, J36-J39)",Co. Cork,49,0.082590719
2017,1,"Other diseases of upper respiratory tract (J30-J34, J36-J39)",Co. Dublin,173,0.115221799
2017,2,"Other diseases of upper respiratory tract (J30-J34, J36-J39)",Co. Dublin,215,0.143194721
2017,3,"Other diseases of upper respiratory tract (J30-J34, J36-J39)",Co. Dublin,227,0.151186984
2017,4,"Other diseases of upper respiratory tract (J30-J34, J36-J39)",Co. Dublin,177,0.117885887
2017,5,"Other diseases of upper respiratory tract (J30-J34, J36-J39)",Co. Dublin,231,0.153851072
2017,6,"Other diseases of upper respiratory tract (J30-J34, J36-J39)",Co. Dublin,184,0.12254804
2017,7,"Other diseases of upper respiratory tract (J30-J34, J36-J39)",Co. Dublin,187,0.124546106
2017,8,"Other diseases of upper respiratory tract (J30-J34, J36-J39)",Co. Dublin,192,0.127876216
2017,9,"Other diseases of upper respiratory tract (J30-J34, J36-J39)",Co. Dublin,175,0.116553843
2017,10,"Other diseases of upper respiratory tract (J30-J34, J36-J39)",Co. Dublin,152,0.101235338
2017,11,"Other diseases of upper respiratory tract (J30-J34, J36-J39)",Co. Dublin,200,0.133204392
2017,12,"Other diseases of upper respiratory tract (J30-J34, J36-J39)",Co. Dublin,143,0.09524114
2018,1,"Other diseases of upper respiratory tract (J30-J34, J36-J39)",Co. Dublin,191,0.127210194
2018,2,"Other diseases of upper respiratory tract (J30-J34, J36-J39)",Co. Dublin,152,0.101235338
2018,3,"Other diseases of upper respiratory tract (J30-J34, J36-J39)",Co. Dublin,176,0.117219865
2018,4,"Other diseases of upper respiratory tract (J30-J34, J36-J39)",Co. Dublin,170,0.113223733
2018,5,"Other diseases of upper respiratory tract (J30-J34, J36-J39)",Co. Dublin,224,0.149188919
2018,6,"Other diseases of upper respiratory tract (J30-J34, J36-J39)",Co. Dublin,174,0.115887821
2018,7,"Other diseases of upper respiratory tract (J30-J34, J36-J39)",Co. Dublin,178,0.118551908
2018,8,"Other diseases of upper respiratory tract (J30-J34, J36-J39)",Co. Dublin,181,0.120549974
2018,9,"Other diseases of upper respiratory tract (J30-J34, J36-J39)",Co. Dublin,162,0.107895557
2018,10,"Other diseases of upper respiratory tract (J30-J34, J36-J39)",Co. Dublin,214,0.142528699
2018,11,"Other diseases of upper respiratory tract (J30-J34, J36-J39)",Co. Dublin,217,0.144526765
2018,12,"Other diseases of upper respiratory tract (J30-J34, J36-J39)",Co. Dublin,142,0.094575118
2019,1,"Other diseases of upper respiratory tract (J30-J34, J36-J39)",Co. Dublin,196,0.130540304
2019,2,"Other diseases of upper respiratory tract (J30-J34, J36-J39)",Co. Dublin,163,0.108561579
2019,3,"Other diseases of upper respiratory tract (J30-J34, J36-J39)",Co. Dublin,195,0.129874282
2019,4,"Other diseases of upper respiratory tract (J30-J34, J36-J39)",Co. Dublin,215,0.143194721
2019,5,"Other diseases of upper respiratory tract (J30-J34, J36-J39)",Co. Dublin,206,0.137200523
2019,6,"Other diseases of upper respiratory tract (J30-J34, J36-J39)",Co. Dublin,182,0.121215996
2019,7,"Other diseases of upper respiratory tract (J30-J34, J36-J39)",Co. Dublin,221,0.147190853
2019,8,"Other diseases of upper respiratory tract (J30-J34, J36-J39)",Co. Dublin,193,0.128542238
2019,9,"Other diseases of upper respiratory tract (J30-J34, J36-J39)",Co. Dublin,212,0.141196655
2019,10,"Other diseases of upper respiratory tract (J30-J34, J36-J39)",Co. Dublin,242,0.161177314
2019,11,"Other diseases of upper respiratory tract (J30-J34, J36-J39)",Co. Dublin,215,0.143194721
2019,12,"Other diseases of upper respiratory tract (J30-J34, J36-J39)",Co. Dublin,149,0.099237272
2020,1,"Other diseases of upper respiratory tract (J30-J34, J36-J39)",Co. Dublin,199,0.13253837
2020,2,"Other diseases of upper respiratory tract (J30-J34, J36-J39)",Co. Dublin,199,0.13253837
2020,3,"Other diseases of upper respiratory tract (J30-J34, J36-J39)",Co. Dublin,126,0.083918767
2020,4,"Other diseases of upper respiratory tract (J30-J34, J36-J39)",Co. Dublin,8,0.005328176
2020,5,"Other diseases of upper respiratory tract (J30-J34, J36-J39)",Co. Dublin,23,0.015318505
2020,6,"Other diseases of upper respiratory tract (J30-J34, J36-J39)",Co. Dublin,79,0.052615735
2020,7,"Other diseases of upper respiratory tract (J30-J34, J36-J39)",Co. Dublin,152,0.101235338
2020,8,"Other diseases of upper respiratory tract (J30-J34, J36-J39)",Co. Dublin,134,0.089246942
2020,9,"Other diseases of upper respiratory tract (J30-J34, J36-J39)",Co. Dublin,184,0.12254804
2020,10,"Other diseases of upper respiratory tract (J30-J34, J36-J39)",Co. Dublin,175,0.116553843
2020,11,"Other diseases of upper respiratory tract (J30-J34, J36-J39)",Co. Dublin,161,0.107229535
2020,12,"Other diseases of upper respiratory tract (J30-J34, J36-J39)",Co. Dublin,123,0.081920701
2021,1,"Other diseases of upper respiratory tract (J30-J34, J36-J39)",Co. Dublin,67,0.044623471
2021,2,"Other diseases of upper respiratory tract (J30-J34, J36-J39)",Co. Dublin,111,0.073928437
2021,3,"Other diseases of upper respiratory tract (J30-J34, J36-J39)",Co. Dublin,185,0.123214062
2021,4,"Other diseases of upper respiratory tract (J30-J34, J36-J39)",Co. Dublin,182,0.121215996
2021,5,"Other diseases of upper respiratory tract (J30-J34, J36-J39)",Co. Dublin,146,0.097239206
2021,6,"Other diseases of upper respiratory tract (J30-J34, J36-J39)",Co. Dublin,219,0.145858809
2021,7,"Other diseases of upper respiratory tract (J30-J34, J36-J39)",Co. Dublin,210,0.139864611
2021,8,"Other diseases of upper respiratory tract (J30-J34, J36-J39)",Co. Dublin,188,0.125212128
2021,9,"Other diseases of upper respiratory tract (J30-J34, J36-J39)",Co. Dublin,228,0.151853006
2021,10,"Other diseases of upper respiratory tract (J30-J34, J36-J39)",Co. Dublin,208,0.138532567
2021,11,"Other diseases of upper respiratory tract (J30-J34, J36-J39)",Co. Dublin,220,0.146524831
2021,12,"Other diseases of upper respiratory tract (J30-J34, J36-J39)",Co. Dublin,157,0.104565447
2022,1,"Other diseases of upper respiratory tract (J30-J34, J36-J39)",Co. Dublin,174,0.115887821
2022,2,"Other diseases of upper respiratory tract (J30-J34, J36-J39)",Co. Dublin,202,0.134536435
2022,3,"Other diseases of upper respiratory tract (J30-J34, J36-J39)",Co. Dublin,203,0.135202457
2022,4,"Other diseases of upper respiratory tract (J30-J34, J36-J39)",Co. Dublin,170,0.113223733
2022,5,"Other diseases of upper respiratory tract (J30-J34, J36-J39)",Co. Dublin,180,0.119883952
2022,6,"Other diseases of upper respiratory tract (J30-J34, J36-J39)",Co. Dublin,200,0.133204392
2022,7,"Other diseases of upper respiratory tract (J30-J34, J36-J39)",Co. Dublin,208,0.138532567
2022,8,"Other diseases of upper respiratory tract (J30-J34, J36-J39)",Co. Dublin,227,0.151186984
2022,9,"Other diseases of upper respiratory tract (J30-J34, J36-J39)",Co. Dublin,218,0.145192787
2022,10,"Other diseases of upper respiratory tract (J30-J34, J36-J39)",Co. Dublin,251,0.167171511
2022,11,"Other diseases of upper respiratory tract (J30-J34, J36-J39)",Co. Dublin,233,0.155183116
2022,12,"Other diseases of upper respiratory tract (J30-J34, J36-J39)",Co. Dublin,180,0.119883952
2023,1,"Other diseases of upper respiratory tract (J30-J34, J36-J39)",Co. Dublin,227,0.151186984
2023,2,"Other diseases of upper respiratory tract (J30-J34, J36-J39)",Co. Dublin,247,0.164507424
2023,3,"Other diseases of upper respiratory tract (J30-J34, J36-J39)",Co. Dublin,259,0.172499687
2023,4,"Other diseases of upper respiratory tract (J30-J34, J36-J39)",Co. Dublin,251,0.167171511
2023,5,"Other diseases of upper respiratory tract (J30-J34, J36-J39)",Co. Dublin,253,0.168503555
2023,6,"Other diseases of upper respiratory tract (J30-J34, J36-J39)",Co. Dublin,254,0.169169577
2023,7,"Other diseases of upper respiratory tract (J30-J34, J36-J39)",Co. Dublin,238,0.158513226
2023,8,"Other diseases of upper respiratory tract (J30-J34, J36-J39)",Co. Dublin,271,0.180491951
2023,9,"Other diseases of upper respiratory tract (J30-J34, J36-J39)",Co. Dublin,260,0.173165709
2023,10,"Other diseases of upper respiratory tract (J30-J34, J36-J39)",Co. Dublin,285,0.189816258
2023,11,"Other diseases of upper respiratory tract (J30-J34, J36-J39)",Co. Dublin,289,0.192480346
2023,12,"Other diseases of upper respiratory tract (J30-J34, J36-J39)",Co. Dublin,230,0.15318505
2017,1,Pneumonia (J12-J18),Co. Cork,130,0.219118235
2017,2,Pneumonia (J12-J18),Co. Cork,95,0.160124864
2017,3,Pneumonia (J12-J18),Co. Cork,89,0.150011714
2017,4,Pneumonia (J12-J18),Co. Cork,77,0.129785416
2017,5,Pneumonia (J12-J18),Co. Cork,81,0.136527515
2017,6,Pneumonia (J12-J18),Co. Cork,75,0.126414366
2017,7,Pneumonia (J12-J18),Co. Cork,71,0.119672267
2017,8,Pneumonia (J12-J18),Co. Cork,67,0.112930167
2017,9,Pneumonia (J12-J18),Co. Cork,55,0.092703868
2017,10,Pneumonia (J12-J18),Co. Cork,95,0.160124864
2017,11,Pneumonia (J12-J18),Co. Cork,76,0.128099891
2017,12,Pneumonia (J12-J18),Co. Cork,81,0.136527515
2018,1,Pneumonia (J12-J18),Co. Cork,119,0.200577461
2018,2,Pneumonia (J12-J18),Co. Cork,82,0.13821304
2018,3,Pneumonia (J12-J18),Co. Cork,90,0.151697239
2018,4,Pneumonia (J12-J18),Co. Cork,111,0.187093262
2018,5,Pneumonia (J12-J18),Co. Cork,81,0.136527515
2018,6,Pneumonia (J12-J18),Co. Cork,92,0.155068289
2018,7,Pneumonia (J12-J18),Co. Cork,65,0.109559117
2018,8,Pneumonia (J12-J18),Co. Cork,57,0.096074918
2018,9,Pneumonia (J12-J18),Co. Cork,80,0.134841991
2018,10,Pneumonia (J12-J18),Co. Cork,95,0.160124864
2018,11,Pneumonia (J12-J18),Co. Cork,79,0.133156466
2018,12,Pneumonia (J12-J18),Co. Cork,102,0.171923538
2019,1,Pneumonia (J12-J18),Co. Cork,139,0.234287958
2019,2,Pneumonia (J12-J18),Co. Cork,81,0.136527515
2019,3,Pneumonia (J12-J18),Co. Cork,93,0.156753814
2019,4,Pneumonia (J12-J18),Co. Cork,87,0.146640665
2019,5,Pneumonia (J12-J18),Co. Cork,76,0.128099891
2019,6,Pneumonia (J12-J18),Co. Cork,67,0.112930167
2019,7,Pneumonia (J12-J18),Co. Cork,80,0.134841991
2019,8,Pneumonia (J12-J18),Co. Cork,62,0.104502543
2019,9,Pneumonia (J12-J18),Co. Cork,80,0.134841991
2019,10,Pneumonia (J12-J18),Co. Cork,80,0.134841991
2019,11,Pneumonia (J12-J18),Co. Cork,79,0.133156466
2019,12,Pneumonia (J12-J18),Co. Cork,86,0.14495514
2020,1,Pneumonia (J12-J18),Co. Cork,123,0.20731956
2020,2,Pneumonia (J12-J18),Co. Cork,98,0.165181438
2020,3,Pneumonia (J12-J18),Co. Cork,106,0.178665637
2020,4,Pneumonia (J12-J18),Co. Cork,70,0.117986742
2020,5,Pneumonia (J12-J18),Co. Cork,71,0.119672267
2020,6,Pneumonia (J12-J18),Co. Cork,63,0.106188068
2020,7,Pneumonia (J12-J18),Co. Cork,45,0.07584862
2020,8,Pneumonia (J12-J18),Co. Cork,47,0.079219669
2020,9,Pneumonia (J12-J18),Co. Cork,54,0.091018344
2020,10,Pneumonia (J12-J18),Co. Cork,45,0.07584862
2020,11,Pneumonia (J12-J18),Co. Cork,57,0.096074918
2020,12,Pneumonia (J12-J18),Co. Cork,57,0.096074918
2021,1,Pneumonia (J12-J18),Co. Cork,209,0.3522747
2021,2,Pneumonia (J12-J18),Co. Cork,145,0.244401108
2021,3,Pneumonia (J12-J18),Co. Cork,76,0.128099891
2021,4,Pneumonia (J12-J18),Co. Cork,58,0.097760443
2021,5,Pneumonia (J12-J18),Co. Cork,49,0.082590719
2021,6,Pneumonia (J12-J18),Co. Cork,74,0.124728841
2021,7,Pneumonia (J12-J18),Co. Cork,68,0.114615692
2021,8,Pneumonia (J12-J18),Co. Cork,67,0.112930167
2021,9,Pneumonia (J12-J18),Co. Cork,88,0.14832619
2021,10,Pneumonia (J12-J18),Co. Cork,132,0.222489284
2021,11,Pneumonia (J12-J18),Co. Cork,155,0.261256357
2021,12,Pneumonia (J12-J18),Co. Cork,118,0.198891936
2022,1,Pneumonia (J12-J18),Co. Cork,133,0.224174809
2022,2,Pneumonia (J12-J18),Co. Cork,88,0.14832619
2022,3,Pneumonia (J12-J18),Co. Cork,114,0.192149836
2022,4,Pneumonia (J12-J18),Co. Cork,124,0.209005085
2022,5,Pneumonia (J12-J18),Co. Cork,104,0.175294588
2022,6,Pneumonia (J12-J18),Co. Cork,104,0.175294588
2022,7,Pneumonia (J12-J18),Co. Cork,95,0.160124864
2022,8,Pneumonia (J12-J18),Co. Cork,77,0.129785416
2022,9,Pneumonia (J12-J18),Co. Cork,59,0.099445968
2022,10,Pneumonia (J12-J18),Co. Cork,83,0.139898565
2022,11,Pneumonia (J12-J18),Co. Cork,116,0.195520886
2022,12,Pneumonia (J12-J18),Co. Cork,123,0.20731956
2023,1,Pneumonia (J12-J18),Co. Cork,160,0.269683981
2023,2,Pneumonia (J12-J18),Co. Cork,101,0.170238013
2023,3,Pneumonia (J12-J18),Co. Cork,100,0.168552488
2023,4,Pneumonia (J12-J18),Co. Cork,112,0.188778787
2023,5,Pneumonia (J12-J18),Co. Cork,129,0.21743271
2023,6,Pneumonia (J12-J18),Co. Cork,103,0.173609063
2023,7,Pneumonia (J12-J18),Co. Cork,80,0.134841991
2023,8,Pneumonia (J12-J18),Co. Cork,103,0.173609063
2023,9,Pneumonia (J12-J18),Co. Cork,107,0.180351162
2023,10,Pneumonia (J12-J18),Co. Cork,120,0.202262986
2023,11,Pneumonia (J12-J18),Co. Cork,126,0.212376135
2023,12,Pneumonia (J12-J18),Co. Cork,130,0.219118235
2017,1,Pneumonia (J12-J18),Co. Dublin,403,0.268406849
2017,2,Pneumonia (J12-J18),Co. Dublin,284,0.189150236
2017,3,Pneumonia (J12-J18),Co. Dublin,332,0.22111929
2017,4,Pneumonia (J12-J18),Co. Dublin,300,0.199806587
2017,5,Pneumonia (J12-J18),Co. Dublin,323,0.215125092
2017,6,Pneumonia (J12-J18),Co. Dublin,263,0.175163775
2017,7,Pneumonia (J12-J18),Co. Dublin,218,0.145192787
2017,8,Pneumonia (J12-J18),Co. Dublin,205,0.136534501
2017,9,Pneumonia (J12-J18),Co. Dublin,234,0.155849138
2017,10,Pneumonia (J12-J18),Co. Dublin,307,0.204468741
2017,11,Pneumonia (J12-J18),Co. Dublin,293,0.195144434
2017,12,Pneumonia (J12-J18),Co. Dublin,434,0.28905353
2018,1,Pneumonia (J12-J18),Co. Dublin,454,0.302373969
2018,2,Pneumonia (J12-J18),Co. Dublin,337,0.2244494
2018,3,Pneumonia (J12-J18),Co. Dublin,321,0.213793048
2018,4,Pneumonia (J12-J18),Co. Dublin,326,0.217123158
2018,5,Pneumonia (J12-J18),Co. Dublin,364,0.242431993
2018,6,Pneumonia (J12-J18),Co. Dublin,283,0.188484214
2018,7,Pneumonia (J12-J18),Co. Dublin,243,0.161843336
2018,8,Pneumonia (J12-J18),Co. Dublin,241,0.160511292
2018,9,Pneumonia (J12-J18),Co. Dublin,276,0.18382206
2018,10,Pneumonia (J12-J18),Co. Dublin,310,0.206466807
2018,11,Pneumonia (J12-J18),Co. Dublin,334,0.222451334
2018,12,Pneumonia (J12-J18),Co. Dublin,403,0.268406849
2019,1,Pneumonia (J12-J18),Co. Dublin,432,0.287721486
2019,2,Pneumonia (J12-J18),Co. Dublin,384,0.255752432
2019,3,Pneumonia (J12-J18),Co. Dublin,319,0.212461004
2019,4,Pneumonia (J12-J18),Co. Dublin,348,0.231775641
2019,5,Pneumonia (J12-J18),Co. Dublin,347,0.231109619
2019,6,Pneumonia (J12-J18),Co. Dublin,282,0.187818192
2019,7,Pneumonia (J12-J18),Co. Dublin,296,0.197142499
2019,8,Pneumonia (J12-J18),Co. Dublin,253,0.168503555
2019,9,Pneumonia (J12-J18),Co. Dublin,245,0.16317538
2019,10,Pneumonia (J12-J18),Co. Dublin,338,0.225115422
2019,11,Pneumonia (J12-J18),Co. Dublin,361,0.240433927
2019,12,Pneumonia (J12-J18),Co. Dublin,417,0.277731156
2020,1,Pneumonia (J12-J18),Co. Dublin,480,0.31969054
2020,2,Pneumonia (J12-J18),Co. Dublin,345,0.229777575
2020,3,Pneumonia (J12-J18),Co. Dublin,429,0.28572342
2020,4,Pneumonia (J12-J18),Co. Dublin,587,0.390954889
2020,5,Pneumonia (J12-J18),Co. Dublin,374,0.249092212
2020,6,Pneumonia (J12-J18),Co. Dublin,285,0.189816258
2020,7,Pneumonia (J12-J18),Co. Dublin,225,0.14985494
2020,8,Pneumonia (J12-J18),Co. Dublin,201,0.133870413
2020,9,Pneumonia (J12-J18),Co. Dublin,259,0.172499687
2020,10,Pneumonia (J12-J18),Co. Dublin,370,0.246428124
2020,11,Pneumonia (J12-J18),Co. Dublin,288,0.191814324
2020,12,Pneumonia (J12-J18),Co. Dublin,307,0.204468741
2021,1,Pneumonia (J12-J18),Co. Dublin,842,0.560790488
2021,2,Pneumonia (J12-J18),Co. Dublin,656,0.436910404
2021,3,Pneumonia (J12-J18),Co. Dublin,540,0.359651857
2021,4,Pneumonia (J12-J18),Co. Dublin,376,0.250424256
2021,5,Pneumonia (J12-J18),Co. Dublin,305,0.203136697
2021,6,Pneumonia (J12-J18),Co. Dublin,291,0.19381239
2021,7,Pneumonia (J12-J18),Co. Dublin,241,0.160511292
2021,8,Pneumonia (J12-J18),Co. Dublin,343,0.228445531
2021,9,Pneumonia (J12-J18),Co. Dublin,373,0.24842619
2021,10,Pneumonia (J12-J18),Co. Dublin,414,0.27573309
2021,11,Pneumonia (J12-J18),Co. Dublin,554,0.368976164
2021,12,Pneumonia (J12-J18),Co. Dublin,597,0.397615109
2022,1,Pneumonia (J12-J18),Co. Dublin,446,0.297045793
2022,2,Pneumonia (J12-J18),Co. Dublin,314,0.209130895
2022,3,Pneumonia (J12-J18),Co. Dublin,373,0.24842619
2022,4,Pneumonia (J12-J18),Co. Dublin,346,0.230443597
2022,5,Pneumonia (J12-J18),Co. Dublin,301,0.200472609
2022,6,Pneumonia (J12-J18),Co. Dublin,314,0.209130895
2022,7,Pneumonia (J12-J18),Co. Dublin,362,0.241099949
2022,8,Pneumonia (J12-J18),Co. Dublin,281,0.18715217
2022,9,Pneumonia (J12-J18),Co. Dublin,255,0.169835599
2022,10,Pneumonia (J12-J18),Co. Dublin,347,0.231109619
2022,11,Pneumonia (J12-J18),Co. Dublin,420,0.279729222
2022,12,Pneumonia (J12-J18),Co. Dublin,419,0.2790632
2023,1,Pneumonia (J12-J18),Co. Dublin,482,0.321022584
2023,2,Pneumonia (J12-J18),Co. Dublin,326,0.217123158
2023,3,Pneumonia (J12-J18),Co. Dublin,393,0.261746629
2023,4,Pneumonia (J12-J18),Co. Dublin,373,0.24842619
2023,5,Pneumonia (J12-J18),Co. Dublin,360,0.239767905
2023,6,Pneumonia (J12-J18),Co. Dublin,331,0.220453268
2023,7,Pneumonia (J12-J18),Co. Dublin,284,0.189150236
2023,8,Pneumonia (J12-J18),Co. Dublin,286,0.19048228
2023,9,Pneumonia (J12-J18),Co. Dublin,269,0.179159907
2023,10,Pneumonia (J12-J18),Co. Dublin,358,0.238435861
2023,11,Pneumonia (J12-J18),Co. Dublin,399,0.265742761
2023,12,Pneumonia (J12-J18),Co. Dublin,526,0.35032755
